hh_id,province,district,urban_rural,hh_size,n_children,n_working_age,n_elderly,monthly_income,monthly_expenditure,has_electricity,has_improved_water,has_improved_sanitation,owns_radio,owns_tv,owns_mobile,owns_refrigerator,owns_vehicle,dwelling_type,survey_weight,province_code,province_name,capital,population,character,hh_size_category
DHHS2025-00001,LKS,Estimate District,Rural,3,2,1,0,7289,6947,False,True,True,False,False,True,False,False,Traditional hut,1.4,LKS,Lakeside Province,Port Sample,3000000,"Agriculture, lake fishing",Medium
DHHS2025-00002,STH,Frequency Plains,Urban,4,0,4,0,98374,74847,True,True,True,True,True,True,True,False,Informal,0.85,STH,Southern Province,Median City,3800000,"Industrial, urban",Medium
DHHS2025-00003,STH,Mode District,Rural,4,2,2,0,63671,44854,True,True,True,True,True,True,False,False,Traditional hut,1.21,STH,Southern Province,Median City,3800000,"Industrial, urban",Medium
DHHS2025-00004,LKS,Parameter District,Rural,5,2,3,0,15311,13917,False,True,True,True,False,True,True,False,Traditional hut,1.68,LKS,Lakeside Province,Port Sample,3000000,"Agriculture, lake fishing",Medium
DHHS2025-00005,LKS,Parameter District,Urban,7,3,4,0,22461,17279,False,True,False,True,True,True,False,False,Flat/Apartment,1.07,LKS,Lakeside Province,Port Sample,3000000,"Agriculture, lake fishing",Large
DHHS2025-00006,LKS,Port Sample District,Rural,4,1,3,0,16955,14318,True,True,False,False,False,True,False,False,Traditional hut,1.61,LKS,Lakeside Province,Port Sample,3000000,"Agriculture, lake fishing",Medium
DHHS2025-00007,CTR,Variance District,Urban,5,2,3,0,33734,27922,False,True,True,True,True,True,False,False,Semi-detached,0.6,CTR,Central Province,Numerica,5200000,"Capital region, services, government",Medium
DHHS2025-00008,CTR,Range District,Urban,6,5,1,0,31941,28805,True,True,False,True,True,True,False,False,Informal,0.59,CTR,Central Province,Numerica,5200000,"Capital region, services, government",Large
DHHS2025-00009,WST,Standard District,Rural,6,3,3,0,72026,60914,True,True,True,True,True,True,False,True,Detached house,2.24,WST,Western Province,Deviation,1900000,"Semi-arid, livestock",Large
DHHS2025-00010,LKS,Parameter District,Urban,6,2,4,0,55559,40420,True,True,False,False,True,True,False,False,Single room,1.03,LKS,Lakeside Province,Port Sample,3000000,"Agriculture, lake fishing",Large
DHHS2025-00011,STH,Median Urban,Urban,5,2,3,0,42225,39579,True,True,True,True,False,True,True,False,Informal,0.84,STH,Southern Province,Median City,3800000,"Industrial, urban",Medium
DHHS2025-00012,WST,Error Margin,Rural,6,0,6,0,8695,7241,False,True,False,False,False,True,False,False,Semi-detached,2.35,WST,Western Province,Deviation,1900000,"Semi-arid, livestock",Large
DHHS2025-00013,STH,Median Urban,Urban,8,4,4,0,64482,52306,True,True,True,True,True,True,False,False,Detached house,0.75,STH,Southern Province,Median City,3800000,"Industrial, urban",Large
DHHS2025-00014,LKS,Interval District,Rural,3,0,3,0,29197,23127,True,True,True,False,True,False,False,False,Traditional hut,1.56,LKS,Lakeside Province,Port Sample,3000000,"Agriculture, lake fishing",Medium
DHHS2025-00015,WST,Standard District,Rural,4,1,3,0,17828,13973,True,False,True,False,True,True,False,False,Traditional hut,2.66,WST,Western Province,Deviation,1900000,"Semi-arid, livestock",Medium
DHHS2025-00016,STH,Mode District,Rural,3,0,3,0,53591,39197,True,False,True,True,True,True,False,False,Detached house,1.12,STH,Southern Province,Median City,3800000,"Industrial, urban",Medium
DHHS2025-00017,STH,Distribution District,Rural,8,3,5,0,21376,18481,False,False,False,False,False,True,True,False,Traditional hut,1.16,STH,Southern Province,Median City,3800000,"Industrial, urban",Large
DHHS2025-00018,LKS,Parameter District,Rural,5,2,3,0,14916,14805,False,False,True,True,False,True,False,False,Semi-detached,1.68,LKS,Lakeside Province,Port Sample,3000000,"Agriculture, lake fishing",Medium
DHHS2025-00019,STH,Frequency Plains,Urban,6,0,6,0,46918,39822,True,True,True,True,True,True,False,False,Single room,0.8,STH,Southern Province,Median City,3800000,"Industrial, urban",Large
DHHS2025-00020,CTR,Variance District,Urban,6,2,4,0,34732,32686,True,False,True,True,True,True,True,False,Single room,0.55,CTR,Central Province,Numerica,5200000,"Capital region, services, government",Large
DHHS2025-00021,NTH,Polaris District,Rural,5,4,1,0,12422,11261,False,False,False,False,False,True,False,False,Detached house,2.08,NTH,Northern Province,Polaris,2100000,"Rural, agricultural, mining",Medium
DHHS2025-00022,EST,Outlier Coastal,Rural,2,1,1,0,56644,46272,True,True,True,False,True,True,True,False,Single room,1.82,EST,Eastern Province,Outlier Bay,2500000,"Coastal, fishing, tourism",Small
DHHS2025-00023,WST,Error Margin,Rural,1,0,1,0,26142,23362,True,True,True,False,False,True,False,True,Detached house,2.35,WST,Western Province,Deviation,1900000,"Semi-arid, livestock",Small
DHHS2025-00024,CTR,Range District,Urban,4,0,4,0,54763,47134,True,True,False,True,True,False,True,False,Semi-detached,0.59,CTR,Central Province,Numerica,5200000,"Capital region, services, government",Medium
DHHS2025-00025,EST,Skewness District,Urban,4,3,1,0,37047,32231,True,True,True,True,True,True,False,False,Single room,1.22,EST,Eastern Province,Outlier Bay,2500000,"Coastal, fishing, tourism",Medium
DHHS2025-00026,LKS,Parameter District,Rural,5,4,1,0,28869,20743,True,False,False,False,False,False,False,False,Semi-detached,1.52,LKS,Lakeside Province,Port Sample,3000000,"Agriculture, lake fishing",Medium
DHHS2025-00027,CTR,Numerica Peri-Urban,Rural,3,2,1,0,32926,23804,False,True,True,True,False,True,False,True,Traditional hut,0.86,CTR,Central Province,Numerica,5200000,"Capital region, services, government",Medium
DHHS2025-00028,CTR,Numerica Urban,Urban,3,2,1,0,21984,16759,False,True,False,True,False,False,False,False,Flat/Apartment,0.65,CTR,Central Province,Numerica,5200000,"Capital region, services, government",Medium
DHHS2025-00029,STH,Median Urban,Rural,5,3,2,0,45360,38115,True,True,True,True,False,True,False,False,Traditional hut,1.18,STH,Southern Province,Median City,3800000,"Industrial, urban",Medium
DHHS2025-00030,CTR,Numerica Peri-Urban,Urban,4,0,4,0,75990,65023,True,True,True,True,True,True,True,False,Semi-detached,0.55,CTR,Central Province,Numerica,5200000,"Capital region, services, government",Medium
DHHS2025-00031,STH,Distribution District,Urban,6,1,5,0,53878,47090,True,True,True,False,True,True,False,False,Detached house,0.79,STH,Southern Province,Median City,3800000,"Industrial, urban",Large
DHHS2025-00032,LKS,Port Sample District,Rural,8,2,6,0,23879,22624,True,True,True,True,False,False,True,False,Traditional hut,1.48,LKS,Lakeside Province,Port Sample,3000000,"Agriculture, lake fishing",Large
DHHS2025-00033,LKS,Port Sample District,Rural,4,3,1,0,20828,20152,True,False,True,True,False,False,False,False,Detached house,1.57,LKS,Lakeside Province,Port Sample,3000000,"Agriculture, lake fishing",Medium
DHHS2025-00034,NTH,Sigma District,Urban,3,2,1,0,31541,29049,False,False,True,True,True,True,True,False,Detached house,1.44,NTH,Northern Province,Polaris,2100000,"Rural, agricultural, mining",Medium
DHHS2025-00035,NTH,Correlation Hills,Rural,6,2,4,0,22564,20406,False,True,True,True,True,True,True,False,Semi-detached,2.41,NTH,Northern Province,Polaris,2100000,"Rural, agricultural, mining",Large
DHHS2025-00036,CTR,Numerica Urban,Urban,6,5,1,0,50281,50286,True,True,True,True,True,False,True,False,Semi-detached,0.55,CTR,Central Province,Numerica,5200000,"Capital region, services, government",Large
DHHS2025-00037,LKS,Port Sample District,Urban,7,1,6,0,29486,28722,True,False,True,True,True,False,False,False,Semi-detached,1.09,LKS,Lakeside Province,Port Sample,3000000,"Agriculture, lake fishing",Large
DHHS2025-00038,WST,Confidence District,Rural,4,1,3,0,18473,17465,True,True,True,True,False,False,False,False,Detached house,2.63,WST,Western Province,Deviation,1900000,"Semi-arid, livestock",Medium
DHHS2025-00039,STH,Median Urban,Urban,7,1,6,0,83812,67903,True,True,True,True,True,True,False,False,Informal,0.84,STH,Southern Province,Median City,3800000,"Industrial, urban",Large
DHHS2025-00040,WST,Deviation District,Rural,3,2,1,0,34529,27045,False,True,True,True,True,True,False,False,Detached house,2.43,WST,Western Province,Deviation,1900000,"Semi-arid, livestock",Medium
DHHS2025-00041,LKS,Estimate District,Rural,9,1,8,0,71495,53599,True,True,False,True,False,True,False,False,Single room,1.52,LKS,Lakeside Province,Port Sample,3000000,"Agriculture, lake fishing",Large
DHHS2025-00042,LKS,Interval District,Rural,3,2,1,0,21678,18809,False,True,False,True,False,True,False,False,Traditional hut,1.53,LKS,Lakeside Province,Port Sample,3000000,"Agriculture, lake fishing",Medium
DHHS2025-00043,CTR,Numerica Urban,Urban,9,3,6,0,56554,53824,False,True,True,True,True,True,True,False,Single room,0.55,CTR,Central Province,Numerica,5200000,"Capital region, services, government",Large
DHHS2025-00044,CTR,Variance District,Urban,7,0,7,0,40910,34929,True,True,True,True,False,True,False,True,Semi-detached,0.58,CTR,Central Province,Numerica,5200000,"Capital region, services, government",Large
DHHS2025-00045,WST,Deviation District,Urban,4,1,3,0,30840,31607,True,True,True,True,False,False,True,False,Single room,1.6,WST,Western Province,Deviation,1900000,"Semi-arid, livestock",Medium
DHHS2025-00046,CTR,Range District,Urban,7,0,7,0,44310,34598,True,True,True,False,False,False,True,False,Informal,0.57,CTR,Central Province,Numerica,5200000,"Capital region, services, government",Large
DHHS2025-00047,NTH,Sigma District,Rural,3,2,1,0,40261,30426,True,False,False,True,False,True,False,False,Detached house,1.99,NTH,Northern Province,Polaris,2100000,"Rural, agricultural, mining",Medium
DHHS2025-00048,CTR,Numerica Peri-Urban,Urban,4,0,4,0,134825,112927,True,True,True,True,True,True,True,True,Single room,0.56,CTR,Central Province,Numerica,5200000,"Capital region, services, government",Medium
DHHS2025-00049,WST,Confidence District,Rural,3,2,1,0,25887,24136,True,False,True,True,True,False,True,False,Detached house,2.61,WST,Western Province,Deviation,1900000,"Semi-arid, livestock",Medium
DHHS2025-00050,STH,Distribution District,Urban,8,1,7,0,60610,55821,True,False,True,True,True,True,True,False,Flat/Apartment,0.79,STH,Southern Province,Median City,3800000,"Industrial, urban",Large
DHHS2025-00051,LKS,Parameter District,Urban,6,0,6,0,44501,41242,False,True,True,True,True,True,True,False,Informal,1.01,LKS,Lakeside Province,Port Sample,3000000,"Agriculture, lake fishing",Large
DHHS2025-00052,NTH,Regression Valley,Urban,5,2,2,1,28180,23796,False,False,False,True,False,False,False,False,Detached house,1.57,NTH,Northern Province,Polaris,2100000,"Rural, agricultural, mining",Medium
DHHS2025-00053,CTR,Numerica Urban,Urban,8,2,5,1,20365,16969,True,False,False,True,False,True,False,False,Single room,0.59,CTR,Central Province,Numerica,5200000,"Capital region, services, government",Large
DHHS2025-00054,STH,Median Urban,Urban,3,1,2,0,23580,21315,True,True,False,True,True,True,True,False,Informal,0.88,STH,Southern Province,Median City,3800000,"Industrial, urban",Medium
DHHS2025-00055,STH,Median Urban,Urban,4,2,2,0,16331,13591,False,False,False,False,False,False,False,False,Detached house,0.87,STH,Southern Province,Median City,3800000,"Industrial, urban",Medium
DHHS2025-00056,WST,Confidence District,Urban,8,2,6,0,30840,28845,True,False,False,False,False,True,True,False,Semi-detached,1.67,WST,Western Province,Deviation,1900000,"Semi-arid, livestock",Large
DHHS2025-00057,CTR,Numerica Urban,Rural,6,3,3,0,14126,13796,False,False,True,False,False,False,False,False,Detached house,0.98,CTR,Central Province,Numerica,5200000,"Capital region, services, government",Large
DHHS2025-00058,NTH,Correlation Hills,Rural,4,3,1,0,39060,32415,True,False,False,True,False,False,False,True,Traditional hut,2.16,NTH,Northern Province,Polaris,2100000,"Rural, agricultural, mining",Medium
DHHS2025-00059,EST,Percentile District,Rural,4,0,4,0,92919,79342,True,True,True,True,True,True,False,False,Semi-detached,1.84,EST,Eastern Province,Outlier Bay,2500000,"Coastal, fishing, tourism",Medium
DHHS2025-00060,LKS,Port Sample District,Rural,4,1,3,0,8876,6269,False,True,True,True,False,False,False,False,Single room,1.51,LKS,Lakeside Province,Port Sample,3000000,"Agriculture, lake fishing",Medium
DHHS2025-00061,CTR,Variance District,Urban,3,1,1,1,161252,142503,True,True,True,True,True,True,True,False,Informal,0.65,CTR,Central Province,Numerica,5200000,"Capital region, services, government",Medium
DHHS2025-00062,CTR,Range District,Urban,4,2,2,0,60693,51231,True,True,False,True,True,True,True,True,Detached house,0.63,CTR,Central Province,Numerica,5200000,"Capital region, services, government",Medium
DHHS2025-00063,CTR,Numerica Urban,Urban,7,1,6,0,45174,36140,False,False,True,False,False,False,True,True,Detached house,0.59,CTR,Central Province,Numerica,5200000,"Capital region, services, government",Large
DHHS2025-00064,WST,Confidence District,Rural,5,2,3,0,30905,27217,False,True,True,True,False,True,False,True,Detached house,2.34,WST,Western Province,Deviation,1900000,"Semi-arid, livestock",Medium
DHHS2025-00065,NTH,Polaris District,Rural,5,0,5,0,6338,5259,False,True,False,True,False,True,False,False,Detached house,2.11,NTH,Northern Province,Polaris,2100000,"Rural, agricultural, mining",Medium
DHHS2025-00066,STH,Mode District,Rural,7,1,6,0,21862,18488,True,False,True,False,False,True,True,False,Semi-detached,1.18,STH,Southern Province,Median City,3800000,"Industrial, urban",Large
DHHS2025-00067,CTR,Variance District,Urban,6,1,5,0,23007,22764,True,False,False,True,True,False,False,False,Detached house,0.63,CTR,Central Province,Numerica,5200000,"Capital region, services, government",Large
DHHS2025-00068,CTR,Numerica Urban,Urban,6,0,6,0,90676,84328,True,True,True,True,True,True,True,False,Flat/Apartment,0.61,CTR,Central Province,Numerica,5200000,"Capital region, services, government",Large
DHHS2025-00069,LKS,Port Sample District,Rural,2,1,1,0,55408,46125,True,True,False,True,False,True,False,False,Detached house,1.52,LKS,Lakeside Province,Port Sample,3000000,"Agriculture, lake fishing",Small
DHHS2025-00070,STH,Distribution District,Urban,7,1,6,0,22226,20739,False,False,False,True,False,True,False,False,Detached house,0.88,STH,Southern Province,Median City,3800000,"Industrial, urban",Large
DHHS2025-00071,LKS,Estimate District,Rural,3,2,1,0,53511,39393,False,False,True,False,True,True,False,False,Detached house,1.45,LKS,Lakeside Province,Port Sample,3000000,"Agriculture, lake fishing",Medium
DHHS2025-00072,LKS,Interval District,Rural,5,0,5,0,21167,19863,True,False,True,True,False,True,False,False,Traditional hut,1.6,LKS,Lakeside Province,Port Sample,3000000,"Agriculture, lake fishing",Medium
DHHS2025-00073,EST,Outlier Coastal,Urban,3,2,1,0,52407,45480,True,True,True,False,True,True,False,False,Informal,1.13,EST,Eastern Province,Outlier Bay,2500000,"Coastal, fishing, tourism",Medium
DHHS2025-00074,CTR,Numerica Urban,Urban,3,1,2,0,55740,52095,True,True,True,True,True,False,False,False,Detached house,0.59,CTR,Central Province,Numerica,5200000,"Capital region, services, government",Medium
DHHS2025-00075,STH,Distribution District,Rural,2,1,1,0,61273,51072,False,False,True,False,True,True,True,False,Detached house,1.29,STH,Southern Province,Median City,3800000,"Industrial, urban",Small
DHHS2025-00076,LKS,Parameter District,Urban,9,3,6,0,51499,44918,True,True,True,True,False,False,True,False,Semi-detached,1.02,LKS,Lakeside Province,Port Sample,3000000,"Agriculture, lake fishing",Large
DHHS2025-00077,LKS,Port Sample District,Rural,5,2,3,0,28367,23774,False,True,True,False,False,False,True,False,Semi-detached,1.51,LKS,Lakeside Province,Port Sample,3000000,"Agriculture, lake fishing",Medium
DHHS2025-00078,CTR,Numerica Urban,Rural,3,2,1,0,54137,44723,True,True,False,True,True,True,True,False,Traditional hut,0.85,CTR,Central Province,Numerica,5200000,"Capital region, services, government",Medium
DHHS2025-00079,CTR,Numerica Peri-Urban,Urban,5,4,1,0,120498,102264,True,True,True,False,True,True,True,True,Detached house,0.56,CTR,Central Province,Numerica,5200000,"Capital region, services, government",Medium
DHHS2025-00080,STH,Median Urban,Rural,9,1,8,0,25686,18523,True,True,True,False,True,True,False,False,Detached house,1.15,STH,Southern Province,Median City,3800000,"Industrial, urban",Large
DHHS2025-00081,LKS,Interval District,Urban,4,1,2,1,52447,46239,True,False,False,False,False,True,False,False,Semi-detached,0.95,LKS,Lakeside Province,Port Sample,3000000,"Agriculture, lake fishing",Medium
DHHS2025-00082,STH,Median Urban,Urban,4,1,3,0,83874,70696,True,True,True,True,True,True,False,False,Flat/Apartment,0.87,STH,Southern Province,Median City,3800000,"Industrial, urban",Medium
DHHS2025-00083,EST,Percentile District,Rural,6,2,4,0,61963,51920,True,False,True,True,False,True,True,False,Detached house,1.99,EST,Eastern Province,Outlier Bay,2500000,"Coastal, fishing, tourism",Large
DHHS2025-00084,WST,Confidence District,Rural,2,1,1,0,11150,9274,True,False,False,True,False,False,False,False,Detached house,2.32,WST,Western Province,Deviation,1900000,"Semi-arid, livestock",Small
DHHS2025-00085,EST,Outlier Coastal,Urban,4,3,1,0,69038,65192,True,True,True,True,True,True,False,False,Semi-detached,1.35,EST,Eastern Province,Outlier Bay,2500000,"Coastal, fishing, tourism",Medium
DHHS2025-00086,LKS,Parameter District,Urban,6,0,6,0,35616,32389,False,True,True,True,False,False,False,True,Single room,1.01,LKS,Lakeside Province,Port Sample,3000000,"Agriculture, lake fishing",Large
DHHS2025-00087,CTR,Numerica Peri-Urban,Rural,4,1,3,0,66626,56208,True,True,False,True,True,True,False,False,Single room,0.84,CTR,Central Province,Numerica,5200000,"Capital region, services, government",Medium
DHHS2025-00088,CTR,Variance District,Urban,5,1,4,0,49709,41315,False,False,True,True,True,True,True,True,Informal,0.58,CTR,Central Province,Numerica,5200000,"Capital region, services, government",Medium
DHHS2025-00089,STH,Mode District,Rural,5,1,4,0,30032,24844,False,True,True,True,True,False,True,True,Single room,1.2,STH,Southern Province,Median City,3800000,"Industrial, urban",Medium
DHHS2025-00090,CTR,Numerica Urban,Urban,9,0,9,0,85372,79170,True,True,True,False,True,True,True,False,Detached house,0.62,CTR,Central Province,Numerica,5200000,"Capital region, services, government",Large
DHHS2025-00091,CTR,Numerica Peri-Urban,Urban,2,0,2,0,47366,44374,True,False,True,True,True,True,False,True,Semi-detached,0.62,CTR,Central Province,Numerica,5200000,"Capital region, services, government",Small
DHHS2025-00092,STH,Mode District,Rural,3,0,3,0,103482,78901,True,True,True,False,True,True,True,False,Semi-detached,1.29,STH,Southern Province,Median City,3800000,"Industrial, urban",Medium
DHHS2025-00093,CTR,Numerica Peri-Urban,Urban,5,3,2,0,92294,79615,True,True,True,True,True,True,True,False,Informal,0.6,CTR,Central Province,Numerica,5200000,"Capital region, services, government",Medium
DHHS2025-00094,NTH,Polaris District,Urban,5,0,5,0,53155,45845,True,True,True,True,True,True,False,False,Informal,1.47,NTH,Northern Province,Polaris,2100000,"Rural, agricultural, mining",Medium
DHHS2025-00095,WST,Deviation District,Urban,1,0,1,0,81771,81499,True,True,True,True,True,True,False,False,Flat/Apartment,1.59,WST,Western Province,Deviation,1900000,"Semi-arid, livestock",Small
DHHS2025-00096,STH,Mode District,Urban,7,2,5,0,148654,124754,True,True,True,True,True,True,True,True,Informal,0.75,STH,Southern Province,Median City,3800000,"Industrial, urban",Large
DHHS2025-00097,STH,Distribution District,Rural,3,1,2,0,41433,39773,True,False,False,False,False,True,False,False,Traditional hut,1.23,STH,Southern Province,Median City,3800000,"Industrial, urban",Medium
DHHS2025-00098,STH,Distribution District,Urban,5,3,2,0,45294,35909,False,True,False,True,True,True,True,False,Semi-detached,0.83,STH,Southern Province,Median City,3800000,"Industrial, urban",Medium
DHHS2025-00099,CTR,Range District,Rural,11,4,7,0,23248,19044,False,True,True,True,False,False,False,False,Traditional hut,0.96,CTR,Central Province,Numerica,5200000,"Capital region, services, government",Large
DHHS2025-00100,STH,Frequency Plains,Urban,4,3,1,0,50399,44034,True,True,True,True,True,True,True,False,Flat/Apartment,0.81,STH,Southern Province,Median City,3800000,"Industrial, urban",Medium
DHHS2025-00101,CTR,Numerica Urban,Urban,6,4,2,0,24197,22293,True,False,True,True,True,False,False,False,Informal,0.56,CTR,Central Province,Numerica,5200000,"Capital region, services, government",Large
DHHS2025-00102,CTR,Range District,Urban,3,2,1,0,103801,88575,True,True,True,False,True,True,True,False,Detached house,0.61,CTR,Central Province,Numerica,5200000,"Capital region, services, government",Medium
DHHS2025-00103,STH,Distribution District,Urban,6,3,3,0,220328,200047,True,True,True,True,True,True,True,False,Single room,0.83,STH,Southern Province,Median City,3800000,"Industrial, urban",Large
DHHS2025-00104,STH,Frequency Plains,Rural,5,1,4,0,45726,43076,True,False,False,True,True,True,True,False,Traditional hut,1.15,STH,Southern Province,Median City,3800000,"Industrial, urban",Medium
DHHS2025-00105,CTR,Variance District,Rural,1,0,1,0,43664,36988,False,True,False,False,True,True,False,False,Traditional hut,0.92,CTR,Central Province,Numerica,5200000,"Capital region, services, government",Small
DHHS2025-00106,CTR,Variance District,Urban,6,0,6,0,74878,59237,True,True,True,True,True,True,True,False,Flat/Apartment,0.64,CTR,Central Province,Numerica,5200000,"Capital region, services, government",Large
DHHS2025-00107,CTR,Range District,Urban,6,5,1,0,90201,88695,True,True,True,True,True,True,False,False,Semi-detached,0.54,CTR,Central Province,Numerica,5200000,"Capital region, services, government",Large
DHHS2025-00108,CTR,Numerica Peri-Urban,Urban,3,2,1,0,41817,34492,True,True,False,True,True,False,True,False,Detached house,0.54,CTR,Central Province,Numerica,5200000,"Capital region, services, government",Medium
DHHS2025-00109,CTR,Numerica Urban,Rural,3,1,2,0,108502,90876,True,True,True,True,True,True,False,False,Traditional hut,0.96,CTR,Central Province,Numerica,5200000,"Capital region, services, government",Medium
DHHS2025-00110,LKS,Interval District,Urban,4,2,2,0,21955,18864,False,True,True,True,False,True,True,False,Detached house,0.99,LKS,Lakeside Province,Port Sample,3000000,"Agriculture, lake fishing",Medium
DHHS2025-00111,CTR,Numerica Urban,Rural,4,1,3,0,140674,118464,True,True,True,True,False,True,True,False,Detached house,0.96,CTR,Central Province,Numerica,5200000,"Capital region, services, government",Medium
DHHS2025-00112,NTH,Polaris District,Rural,5,4,1,0,31836,31377,False,True,False,True,False,True,True,False,Traditional hut,2.18,NTH,Northern Province,Polaris,2100000,"Rural, agricultural, mining",Medium
DHHS2025-00113,CTR,Numerica Urban,Urban,8,1,7,0,87142,68301,True,True,True,False,True,True,False,False,Single room,0.65,CTR,Central Province,Numerica,5200000,"Capital region, services, government",Large
DHHS2025-00114,CTR,Numerica Peri-Urban,Rural,7,3,4,0,70120,62944,True,True,True,False,True,True,False,False,Traditional hut,0.91,CTR,Central Province,Numerica,5200000,"Capital region, services, government",Large
DHHS2025-00115,CTR,Numerica Urban,Rural,4,1,3,0,32591,24896,True,True,True,False,False,True,False,False,Traditional hut,0.87,CTR,Central Province,Numerica,5200000,"Capital region, services, government",Medium
DHHS2025-00116,NTH,Polaris District,Urban,5,3,2,0,24532,20516,True,True,False,False,False,False,False,False,Informal,1.52,NTH,Northern Province,Polaris,2100000,"Rural, agricultural, mining",Medium
DHHS2025-00117,CTR,Numerica Urban,Rural,2,1,1,0,18455,14751,True,True,False,True,False,False,False,False,Detached house,0.97,CTR,Central Province,Numerica,5200000,"Capital region, services, government",Small
DHHS2025-00118,CTR,Numerica Peri-Urban,Urban,6,3,2,1,88796,66292,True,True,True,True,True,True,True,False,Single room,0.61,CTR,Central Province,Numerica,5200000,"Capital region, services, government",Large
DHHS2025-00119,WST,Deviation District,Rural,4,3,1,0,13869,14309,True,True,False,True,False,False,False,False,Detached house,2.6,WST,Western Province,Deviation,1900000,"Semi-arid, livestock",Medium
DHHS2025-00120,CTR,Range District,Urban,4,0,4,0,142000,128917,True,True,True,True,True,True,False,False,Single room,0.53,CTR,Central Province,Numerica,5200000,"Capital region, services, government",Medium
DHHS2025-00121,STH,Mode District,Rural,3,2,1,0,134473,121533,True,True,True,True,True,True,False,False,Semi-detached,1.12,STH,Southern Province,Median City,3800000,"Industrial, urban",Medium
DHHS2025-00122,CTR,Numerica Urban,Urban,5,4,1,0,38645,35273,True,True,True,True,False,True,False,False,Detached house,0.59,CTR,Central Province,Numerica,5200000,"Capital region, services, government",Medium
DHHS2025-00123,NTH,Regression Valley,Urban,6,3,3,0,57550,53302,True,True,True,True,False,False,False,False,Single room,1.47,NTH,Northern Province,Polaris,2100000,"Rural, agricultural, mining",Large
DHHS2025-00124,CTR,Variance District,Urban,7,3,4,0,15239,14980,True,True,False,True,False,True,False,True,Semi-detached,0.65,CTR,Central Province,Numerica,5200000,"Capital region, services, government",Large
DHHS2025-00125,STH,Distribution District,Urban,3,1,2,0,75339,65348,True,True,True,True,True,True,True,False,Semi-detached,0.77,STH,Southern Province,Median City,3800000,"Industrial, urban",Medium
DHHS2025-00126,EST,Percentile District,Rural,5,4,1,0,44316,33612,True,True,True,True,True,True,False,False,Traditional hut,1.77,EST,Eastern Province,Outlier Bay,2500000,"Coastal, fishing, tourism",Medium
DHHS2025-00127,NTH,Regression Valley,Rural,7,3,4,0,15064,11468,False,True,True,True,True,False,False,False,Traditional hut,1.99,NTH,Northern Province,Polaris,2100000,"Rural, agricultural, mining",Large
DHHS2025-00128,CTR,Numerica Peri-Urban,Rural,8,5,2,1,35077,28752,False,True,False,True,True,True,False,False,Traditional hut,0.91,CTR,Central Province,Numerica,5200000,"Capital region, services, government",Large
DHHS2025-00129,STH,Distribution District,Urban,7,0,7,0,155431,114327,True,True,True,True,True,True,False,True,Detached house,0.89,STH,Southern Province,Median City,3800000,"Industrial, urban",Large
DHHS2025-00130,STH,Frequency Plains,Urban,5,2,3,0,166829,158235,True,True,True,False,True,True,True,False,Single room,0.87,STH,Southern Province,Median City,3800000,"Industrial, urban",Medium
DHHS2025-00131,LKS,Estimate District,Rural,6,1,5,0,35852,26750,False,False,False,True,False,True,False,False,Traditional hut,1.51,LKS,Lakeside Province,Port Sample,3000000,"Agriculture, lake fishing",Large
DHHS2025-00132,STH,Median Urban,Rural,2,1,1,0,82643,70183,True,True,True,True,True,True,False,False,Detached house,1.25,STH,Southern Province,Median City,3800000,"Industrial, urban",Small
DHHS2025-00133,STH,Frequency Plains,Urban,9,3,6,0,61453,52129,True,True,True,False,True,True,True,False,Flat/Apartment,0.81,STH,Southern Province,Median City,3800000,"Industrial, urban",Large
DHHS2025-00134,NTH,Correlation Hills,Urban,6,2,4,0,73769,68088,True,True,True,True,False,True,True,False,Single room,1.59,NTH,Northern Province,Polaris,2100000,"Rural, agricultural, mining",Large
DHHS2025-00135,EST,Skewness District,Rural,4,0,4,0,27903,19252,True,True,False,True,True,True,False,False,Detached house,2.02,EST,Eastern Province,Outlier Bay,2500000,"Coastal, fishing, tourism",Medium
DHHS2025-00136,STH,Frequency Plains,Urban,9,1,8,0,90767,78340,True,True,True,True,True,True,False,False,Flat/Apartment,0.76,STH,Southern Province,Median City,3800000,"Industrial, urban",Large
DHHS2025-00137,EST,Kurtosis Bay,Rural,4,3,1,0,108785,78250,True,True,True,True,True,True,False,False,Traditional hut,1.82,EST,Eastern Province,Outlier Bay,2500000,"Coastal, fishing, tourism",Medium
DHHS2025-00138,WST,Confidence District,Rural,9,2,7,0,34387,26366,False,True,False,True,True,False,False,False,Detached house,2.28,WST,Western Province,Deviation,1900000,"Semi-arid, livestock",Large
DHHS2025-00139,STH,Distribution District,Urban,5,2,3,0,41479,41801,False,True,True,True,True,True,False,False,Detached house,0.78,STH,Southern Province,Median City,3800000,"Industrial, urban",Medium
DHHS2025-00140,STH,Distribution District,Urban,9,4,5,0,62368,49470,True,True,True,True,True,True,False,False,Semi-detached,0.8,STH,Southern Province,Median City,3800000,"Industrial, urban",Large
DHHS2025-00141,NTH,Correlation Hills,Urban,3,1,2,0,29983,26078,False,True,False,True,False,False,False,False,Flat/Apartment,1.37,NTH,Northern Province,Polaris,2100000,"Rural, agricultural, mining",Medium
DHHS2025-00142,EST,Percentile District,Rural,5,1,4,0,26912,21937,True,False,True,True,True,False,True,False,Semi-detached,1.81,EST,Eastern Province,Outlier Bay,2500000,"Coastal, fishing, tourism",Medium
DHHS2025-00143,CTR,Variance District,Urban,5,4,1,0,38936,36332,True,True,False,False,True,False,True,False,Detached house,0.63,CTR,Central Province,Numerica,5200000,"Capital region, services, government",Medium
DHHS2025-00144,CTR,Numerica Urban,Rural,6,1,5,0,156439,140824,True,True,True,True,True,True,True,False,Semi-detached,0.82,CTR,Central Province,Numerica,5200000,"Capital region, services, government",Large
DHHS2025-00145,STH,Frequency Plains,Rural,4,3,1,0,29148,22226,False,True,False,True,True,True,False,False,Traditional hut,1.33,STH,Southern Province,Median City,3800000,"Industrial, urban",Medium
DHHS2025-00146,LKS,Port Sample District,Rural,6,4,1,1,21382,17601,False,True,False,True,False,True,False,False,Detached house,1.68,LKS,Lakeside Province,Port Sample,3000000,"Agriculture, lake fishing",Large
DHHS2025-00147,STH,Mode District,Rural,6,1,5,0,20694,16299,True,True,False,True,False,True,False,False,Traditional hut,1.1,STH,Southern Province,Median City,3800000,"Industrial, urban",Large
DHHS2025-00148,CTR,Numerica Peri-Urban,Urban,5,2,3,0,188365,167281,True,True,True,False,True,True,True,True,Semi-detached,0.64,CTR,Central Province,Numerica,5200000,"Capital region, services, government",Medium
DHHS2025-00149,CTR,Variance District,Urban,5,1,4,0,45299,39005,True,True,False,True,False,False,False,False,Single room,0.63,CTR,Central Province,Numerica,5200000,"Capital region, services, government",Medium
DHHS2025-00150,STH,Median Urban,Urban,6,2,4,0,33864,30415,True,True,True,True,False,True,False,False,Semi-detached,0.89,STH,Southern Province,Median City,3800000,"Industrial, urban",Large
DHHS2025-00151,LKS,Parameter District,Urban,3,0,3,0,21294,18063,True,True,True,False,False,True,False,False,Semi-detached,0.94,LKS,Lakeside Province,Port Sample,3000000,"Agriculture, lake fishing",Medium
DHHS2025-00152,STH,Median Urban,Rural,4,2,2,0,19340,19044,False,True,False,True,False,False,False,True,Traditional hut,1.16,STH,Southern Province,Median City,3800000,"Industrial, urban",Medium
DHHS2025-00153,STH,Median Urban,Urban,5,2,2,1,72013,73191,True,True,True,True,False,True,True,False,Detached house,0.87,STH,Southern Province,Median City,3800000,"Industrial, urban",Medium
DHHS2025-00154,STH,Median Urban,Urban,5,3,2,0,45631,33720,True,False,False,False,True,True,True,False,Single room,0.83,STH,Southern Province,Median City,3800000,"Industrial, urban",Medium
DHHS2025-00155,LKS,Parameter District,Rural,4,3,1,0,33113,31402,True,True,False,True,True,False,False,False,Single room,1.68,LKS,Lakeside Province,Port Sample,3000000,"Agriculture, lake fishing",Medium
DHHS2025-00156,CTR,Variance District,Urban,2,1,1,0,35631,29324,True,True,True,True,True,True,False,False,Semi-detached,0.56,CTR,Central Province,Numerica,5200000,"Capital region, services, government",Small
DHHS2025-00157,EST,Skewness District,Urban,7,2,5,0,52024,40519,True,False,True,False,False,True,False,False,Detached house,1.17,EST,Eastern Province,Outlier Bay,2500000,"Coastal, fishing, tourism",Large
DHHS2025-00158,NTH,Correlation Hills,Rural,5,4,1,0,32091,29997,True,True,False,True,False,False,False,False,Semi-detached,2.3,NTH,Northern Province,Polaris,2100000,"Rural, agricultural, mining",Medium
DHHS2025-00159,LKS,Port Sample District,Rural,9,1,8,0,59245,54544,True,True,True,False,True,True,False,False,Detached house,1.42,LKS,Lakeside Province,Port Sample,3000000,"Agriculture, lake fishing",Large
DHHS2025-00160,CTR,Range District,Urban,5,0,5,0,137872,121236,True,True,True,True,True,True,True,False,Detached house,0.57,CTR,Central Province,Numerica,5200000,"Capital region, services, government",Medium
DHHS2025-00161,EST,Outlier Coastal,Urban,2,1,1,0,57572,47030,True,False,True,False,True,True,False,False,Detached house,1.2,EST,Eastern Province,Outlier Bay,2500000,"Coastal, fishing, tourism",Small
DHHS2025-00162,CTR,Variance District,Urban,3,1,1,1,165471,142578,True,True,True,True,True,True,True,False,Detached house,0.64,CTR,Central Province,Numerica,5200000,"Capital region, services, government",Medium
DHHS2025-00163,CTR,Numerica Urban,Rural,7,6,1,0,37705,27798,True,False,True,True,False,True,False,False,Single room,0.91,CTR,Central Province,Numerica,5200000,"Capital region, services, government",Large
DHHS2025-00164,CTR,Variance District,Urban,6,3,3,0,160076,124046,True,True,True,True,True,True,True,False,Semi-detached,0.59,CTR,Central Province,Numerica,5200000,"Capital region, services, government",Large
DHHS2025-00165,EST,Percentile District,Rural,6,1,5,0,29824,24143,True,False,True,False,False,True,False,False,Single room,1.86,EST,Eastern Province,Outlier Bay,2500000,"Coastal, fishing, tourism",Large
DHHS2025-00166,LKS,Port Sample District,Urban,6,1,4,1,42211,35090,True,False,True,True,True,True,False,False,Single room,1.02,LKS,Lakeside Province,Port Sample,3000000,"Agriculture, lake fishing",Large
DHHS2025-00167,WST,Deviation District,Rural,2,0,2,0,27320,20677,True,True,True,True,False,False,False,False,Traditional hut,2.34,WST,Western Province,Deviation,1900000,"Semi-arid, livestock",Small
DHHS2025-00168,NTH,Regression Valley,Rural,2,1,1,0,23551,17294,False,True,False,True,False,False,True,False,Detached house,2.3,NTH,Northern Province,Polaris,2100000,"Rural, agricultural, mining",Small
DHHS2025-00169,LKS,Parameter District,Rural,12,2,10,0,54122,39186,True,True,False,False,False,True,True,False,Traditional hut,1.41,LKS,Lakeside Province,Port Sample,3000000,"Agriculture, lake fishing",Large
DHHS2025-00170,LKS,Interval District,Urban,4,2,2,0,13892,12481,False,False,False,True,False,True,False,False,Detached house,0.94,LKS,Lakeside Province,Port Sample,3000000,"Agriculture, lake fishing",Medium
DHHS2025-00171,NTH,Regression Valley,Rural,4,1,3,0,23519,18347,False,False,False,True,False,False,False,False,Detached house,2.1,NTH,Northern Province,Polaris,2100000,"Rural, agricultural, mining",Medium
DHHS2025-00172,STH,Median Urban,Rural,3,1,2,0,14787,13205,False,False,False,True,False,True,False,False,Detached house,1.33,STH,Southern Province,Median City,3800000,"Industrial, urban",Medium
DHHS2025-00173,NTH,Regression Valley,Rural,8,0,8,0,80274,63989,True,False,True,True,True,True,False,True,Detached house,2.26,NTH,Northern Province,Polaris,2100000,"Rural, agricultural, mining",Large
DHHS2025-00174,EST,Outlier Coastal,Urban,5,4,1,0,76836,59107,True,True,True,True,True,True,True,False,Semi-detached,1.29,EST,Eastern Province,Outlier Bay,2500000,"Coastal, fishing, tourism",Medium
DHHS2025-00175,CTR,Numerica Urban,Rural,5,3,2,0,30635,27126,True,False,False,True,False,True,False,False,Detached house,0.9,CTR,Central Province,Numerica,5200000,"Capital region, services, government",Medium
DHHS2025-00176,STH,Median Urban,Urban,7,2,4,1,35908,29367,False,True,True,True,False,True,False,False,Detached house,0.76,STH,Southern Province,Median City,3800000,"Industrial, urban",Large
DHHS2025-00177,EST,Percentile District,Rural,7,4,3,0,49106,38988,True,True,False,True,True,False,False,False,Traditional hut,1.97,EST,Eastern Province,Outlier Bay,2500000,"Coastal, fishing, tourism",Large
DHHS2025-00178,STH,Mode District,Rural,5,2,3,0,23807,18520,True,True,True,True,False,False,False,False,Detached house,1.12,STH,Southern Province,Median City,3800000,"Industrial, urban",Medium
DHHS2025-00179,CTR,Numerica Urban,Urban,4,1,3,0,34171,31554,True,True,False,True,True,True,False,False,Semi-detached,0.58,CTR,Central Province,Numerica,5200000,"Capital region, services, government",Medium
DHHS2025-00180,NTH,Correlation Hills,Rural,5,2,3,0,35616,27472,True,True,False,True,True,True,True,False,Traditional hut,2.2,NTH,Northern Province,Polaris,2100000,"Rural, agricultural, mining",Medium
DHHS2025-00181,NTH,Correlation Hills,Urban,3,0,3,0,38472,34149,True,False,True,True,False,True,False,False,Flat/Apartment,1.61,NTH,Northern Province,Polaris,2100000,"Rural, agricultural, mining",Medium
DHHS2025-00182,LKS,Parameter District,Urban,3,2,1,0,24682,21171,False,False,True,True,False,True,False,False,Single room,1.06,LKS,Lakeside Province,Port Sample,3000000,"Agriculture, lake fishing",Medium
DHHS2025-00183,LKS,Port Sample District,Urban,4,0,4,0,54441,41521,False,True,True,True,False,True,False,False,Flat/Apartment,0.97,LKS,Lakeside Province,Port Sample,3000000,"Agriculture, lake fishing",Medium
DHHS2025-00184,EST,Outlier Coastal,Rural,6,2,4,0,24783,21352,True,True,True,False,False,True,False,False,Traditional hut,1.88,EST,Eastern Province,Outlier Bay,2500000,"Coastal, fishing, tourism",Large
DHHS2025-00185,CTR,Numerica Urban,Urban,5,3,2,0,54809,47843,True,True,True,True,True,True,True,False,Informal,0.56,CTR,Central Province,Numerica,5200000,"Capital region, services, government",Medium
DHHS2025-00186,CTR,Range District,Urban,6,3,3,0,95657,86897,True,True,True,True,True,True,True,False,Detached house,0.54,CTR,Central Province,Numerica,5200000,"Capital region, services, government",Large
DHHS2025-00187,NTH,Polaris District,Urban,3,2,1,0,21021,20097,True,True,False,True,False,True,False,True,Detached house,1.38,NTH,Northern Province,Polaris,2100000,"Rural, agricultural, mining",Medium
DHHS2025-00188,STH,Mode District,Rural,6,4,2,0,169432,132424,True,True,True,True,True,True,False,False,Detached house,1.32,STH,Southern Province,Median City,3800000,"Industrial, urban",Large
DHHS2025-00189,NTH,Regression Valley,Urban,3,2,1,0,35625,28997,True,True,True,True,True,False,False,False,Single room,1.53,NTH,Northern Province,Polaris,2100000,"Rural, agricultural, mining",Medium
DHHS2025-00190,CTR,Numerica Peri-Urban,Rural,3,0,3,0,53273,47521,True,True,True,True,False,True,False,False,Semi-detached,0.87,CTR,Central Province,Numerica,5200000,"Capital region, services, government",Medium
DHHS2025-00191,CTR,Variance District,Urban,5,3,2,0,64593,56696,True,False,True,False,True,True,False,False,Single room,0.58,CTR,Central Province,Numerica,5200000,"Capital region, services, government",Medium
DHHS2025-00192,NTH,Correlation Hills,Rural,2,0,2,0,24528,23246,False,True,True,True,True,True,False,False,Traditional hut,2.3,NTH,Northern Province,Polaris,2100000,"Rural, agricultural, mining",Small
DHHS2025-00193,STH,Distribution District,Rural,5,3,2,0,36849,32286,True,True,True,True,False,True,True,True,Detached house,1.33,STH,Southern Province,Median City,3800000,"Industrial, urban",Medium
DHHS2025-00194,CTR,Numerica Peri-Urban,Urban,6,3,3,0,102241,86032,True,True,True,True,True,True,True,True,Detached house,0.58,CTR,Central Province,Numerica,5200000,"Capital region, services, government",Large
DHHS2025-00195,WST,Standard District,Urban,2,0,2,0,21006,17793,True,True,False,True,True,False,False,False,Informal,1.51,WST,Western Province,Deviation,1900000,"Semi-arid, livestock",Small
DHHS2025-00196,EST,Percentile District,Rural,2,1,1,0,36070,28956,False,True,False,False,True,False,False,False,Traditional hut,2.01,EST,Eastern Province,Outlier Bay,2500000,"Coastal, fishing, tourism",Small
DHHS2025-00197,STH,Distribution District,Urban,8,1,7,0,56264,41313,True,False,True,True,False,True,True,False,Informal,0.82,STH,Southern Province,Median City,3800000,"Industrial, urban",Large
DHHS2025-00198,LKS,Interval District,Urban,5,1,4,0,12435,9407,False,True,True,True,True,True,True,False,Single room,1.09,LKS,Lakeside Province,Port Sample,3000000,"Agriculture, lake fishing",Medium
DHHS2025-00199,CTR,Numerica Peri-Urban,Rural,5,0,5,0,74502,64910,True,True,True,True,True,True,False,False,Single room,0.87,CTR,Central Province,Numerica,5200000,"Capital region, services, government",Medium
DHHS2025-00200,NTH,Regression Valley,Rural,4,3,1,0,25278,22926,False,True,False,False,False,True,False,False,Semi-detached,2.26,NTH,Northern Province,Polaris,2100000,"Rural, agricultural, mining",Medium
DHHS2025-00201,EST,Outlier Coastal,Rural,6,3,3,0,47196,34699,False,True,True,True,True,True,True,False,Traditional hut,2.01,EST,Eastern Province,Outlier Bay,2500000,"Coastal, fishing, tourism",Large
DHHS2025-00202,NTH,Sigma District,Rural,6,0,6,0,9004,8675,False,True,False,True,False,True,False,False,Single room,2.13,NTH,Northern Province,Polaris,2100000,"Rural, agricultural, mining",Large
DHHS2025-00203,STH,Frequency Plains,Urban,6,4,2,0,107597,89817,True,True,True,True,True,True,False,False,Informal,0.83,STH,Southern Province,Median City,3800000,"Industrial, urban",Large
DHHS2025-00204,CTR,Variance District,Urban,6,4,2,0,73178,65415,True,True,True,False,True,True,False,False,Single room,0.65,CTR,Central Province,Numerica,5200000,"Capital region, services, government",Large
DHHS2025-00205,EST,Kurtosis Bay,Rural,5,1,4,0,31581,25784,False,False,True,True,False,True,False,False,Detached house,1.77,EST,Eastern Province,Outlier Bay,2500000,"Coastal, fishing, tourism",Medium
DHHS2025-00206,CTR,Range District,Urban,2,1,1,0,24280,20821,False,True,True,False,False,True,True,False,Single room,0.54,CTR,Central Province,Numerica,5200000,"Capital region, services, government",Small
DHHS2025-00207,LKS,Parameter District,Urban,5,1,4,0,28382,21059,False,True,True,False,True,True,True,False,Detached house,1.04,LKS,Lakeside Province,Port Sample,3000000,"Agriculture, lake fishing",Medium
DHHS2025-00208,WST,Error Margin,Rural,8,3,4,1,52639,44419,False,True,False,False,True,False,False,False,Semi-detached,2.37,WST,Western Province,Deviation,1900000,"Semi-arid, livestock",Large
DHHS2025-00209,CTR,Numerica Peri-Urban,Urban,2,1,1,0,18997,17546,True,False,True,True,False,True,True,False,Informal,0.54,CTR,Central Province,Numerica,5200000,"Capital region, services, government",Small
DHHS2025-00210,EST,Kurtosis Bay,Urban,3,1,2,0,49711,47817,False,True,True,True,True,True,True,False,Detached house,1.19,EST,Eastern Province,Outlier Bay,2500000,"Coastal, fishing, tourism",Medium
DHHS2025-00211,EST,Kurtosis Bay,Urban,3,2,1,0,64509,57251,True,True,True,True,True,True,False,False,Semi-detached,1.2,EST,Eastern Province,Outlier Bay,2500000,"Coastal, fishing, tourism",Medium
DHHS2025-00212,STH,Mode District,Rural,3,1,2,0,36345,35199,False,True,False,True,True,True,False,False,Traditional hut,1.24,STH,Southern Province,Median City,3800000,"Industrial, urban",Medium
DHHS2025-00213,STH,Mode District,Rural,9,0,9,0,38811,34026,False,False,True,True,True,True,False,False,Detached house,1.1,STH,Southern Province,Median City,3800000,"Industrial, urban",Large
DHHS2025-00214,NTH,Correlation Hills,Urban,5,2,3,0,6805,6014,False,False,False,True,True,True,False,False,Single room,1.6,NTH,Northern Province,Polaris,2100000,"Rural, agricultural, mining",Medium
DHHS2025-00215,LKS,Parameter District,Urban,4,3,1,0,75185,65746,True,True,True,False,True,True,False,False,Single room,1.1,LKS,Lakeside Province,Port Sample,3000000,"Agriculture, lake fishing",Medium
DHHS2025-00216,STH,Frequency Plains,Urban,4,0,4,0,156118,149470,True,True,True,False,True,True,True,False,Detached house,0.79,STH,Southern Province,Median City,3800000,"Industrial, urban",Medium
DHHS2025-00217,STH,Distribution District,Urban,3,0,3,0,103228,75321,True,True,True,True,True,True,True,False,Detached house,0.74,STH,Southern Province,Median City,3800000,"Industrial, urban",Medium
DHHS2025-00218,STH,Frequency Plains,Urban,8,4,4,0,37720,39017,True,True,False,True,True,True,True,False,Detached house,0.85,STH,Southern Province,Median City,3800000,"Industrial, urban",Large
DHHS2025-00219,STH,Frequency Plains,Rural,6,1,4,1,26841,23986,False,False,True,True,True,True,False,False,Detached house,1.28,STH,Southern Province,Median City,3800000,"Industrial, urban",Large
DHHS2025-00220,CTR,Range District,Rural,6,1,5,0,35924,28274,True,True,False,True,True,False,False,False,Traditional hut,0.93,CTR,Central Province,Numerica,5200000,"Capital region, services, government",Large
DHHS2025-00221,WST,Standard District,Urban,5,2,3,0,9484,8036,False,False,False,False,False,False,False,False,Single room,1.74,WST,Western Province,Deviation,1900000,"Semi-arid, livestock",Medium
DHHS2025-00222,CTR,Numerica Urban,Urban,5,2,3,0,86442,73965,True,True,True,False,True,True,False,False,Informal,0.57,CTR,Central Province,Numerica,5200000,"Capital region, services, government",Medium
DHHS2025-00223,CTR,Range District,Rural,6,1,5,0,25234,21800,False,False,True,False,False,True,False,False,Traditional hut,0.86,CTR,Central Province,Numerica,5200000,"Capital region, services, government",Large
DHHS2025-00224,CTR,Numerica Urban,Rural,5,1,4,0,43568,39303,False,True,False,True,False,True,True,False,Detached house,0.91,CTR,Central Province,Numerica,5200000,"Capital region, services, government",Medium
DHHS2025-00225,LKS,Estimate District,Rural,2,0,2,0,39366,30181,False,True,True,True,False,True,True,False,Traditional hut,1.6,LKS,Lakeside Province,Port Sample,3000000,"Agriculture, lake fishing",Small
DHHS2025-00226,STH,Frequency Plains,Urban,5,1,4,0,31153,24591,True,False,True,True,False,True,True,False,Single room,0.79,STH,Southern Province,Median City,3800000,"Industrial, urban",Medium
DHHS2025-00227,STH,Mode District,Rural,5,1,4,0,54630,46432,False,True,True,False,False,True,False,False,Detached house,1.17,STH,Southern Province,Median City,3800000,"Industrial, urban",Medium
DHHS2025-00228,WST,Deviation District,Urban,6,1,5,0,28568,22561,False,True,False,True,False,True,True,False,Detached house,1.76,WST,Western Province,Deviation,1900000,"Semi-arid, livestock",Large
DHHS2025-00229,LKS,Estimate District,Rural,9,1,8,0,8278,6279,False,True,True,False,False,False,True,False,Single room,1.46,LKS,Lakeside Province,Port Sample,3000000,"Agriculture, lake fishing",Large
DHHS2025-00230,CTR,Range District,Urban,6,0,6,0,82442,59998,True,True,True,True,True,True,True,True,Single room,0.6,CTR,Central Province,Numerica,5200000,"Capital region, services, government",Large
DHHS2025-00231,STH,Distribution District,Urban,6,3,3,0,32510,33876,True,True,True,True,False,True,False,False,Detached house,0.79,STH,Southern Province,Median City,3800000,"Industrial, urban",Large
DHHS2025-00232,NTH,Regression Valley,Urban,3,1,2,0,29199,21258,False,False,True,False,False,True,True,False,Detached house,1.52,NTH,Northern Province,Polaris,2100000,"Rural, agricultural, mining",Medium
DHHS2025-00233,STH,Distribution District,Urban,3,0,3,0,38382,33054,True,True,True,False,True,False,False,False,Single room,0.89,STH,Southern Province,Median City,3800000,"Industrial, urban",Medium
DHHS2025-00234,NTH,Polaris District,Rural,5,1,3,1,24416,19380,True,True,False,False,False,True,False,False,Detached house,2.03,NTH,Northern Province,Polaris,2100000,"Rural, agricultural, mining",Medium
DHHS2025-00235,STH,Distribution District,Rural,4,1,3,0,32215,26063,True,False,False,False,False,True,False,False,Traditional hut,1.12,STH,Southern Province,Median City,3800000,"Industrial, urban",Medium
DHHS2025-00236,LKS,Estimate District,Urban,3,2,1,0,29943,25548,True,False,False,True,False,True,False,False,Detached house,1.09,LKS,Lakeside Province,Port Sample,3000000,"Agriculture, lake fishing",Medium
DHHS2025-00237,EST,Percentile District,Urban,4,3,1,0,56865,53820,True,True,True,True,True,True,False,False,Semi-detached,1.27,EST,Eastern Province,Outlier Bay,2500000,"Coastal, fishing, tourism",Medium
DHHS2025-00238,LKS,Interval District,Rural,6,0,6,0,44137,33230,False,False,False,True,True,True,False,False,Detached house,1.63,LKS,Lakeside Province,Port Sample,3000000,"Agriculture, lake fishing",Large
DHHS2025-00239,LKS,Interval District,Urban,5,3,2,0,115326,90011,True,True,True,True,True,True,True,False,Single room,0.96,LKS,Lakeside Province,Port Sample,3000000,"Agriculture, lake fishing",Medium
DHHS2025-00240,LKS,Parameter District,Rural,4,2,2,0,54957,42522,True,True,False,True,True,True,False,False,Traditional hut,1.52,LKS,Lakeside Province,Port Sample,3000000,"Agriculture, lake fishing",Medium
DHHS2025-00241,WST,Confidence District,Rural,3,2,1,0,26044,22534,True,False,True,False,False,True,False,False,Traditional hut,2.26,WST,Western Province,Deviation,1900000,"Semi-arid, livestock",Medium
DHHS2025-00242,STH,Distribution District,Urban,7,2,5,0,92490,71462,True,True,True,True,True,True,True,False,Single room,0.86,STH,Southern Province,Median City,3800000,"Industrial, urban",Large
DHHS2025-00243,LKS,Interval District,Urban,6,1,5,0,50626,47490,True,True,True,True,True,True,False,False,Detached house,1.11,LKS,Lakeside Province,Port Sample,3000000,"Agriculture, lake fishing",Large
DHHS2025-00244,EST,Kurtosis Bay,Rural,4,3,1,0,21381,17039,True,False,False,True,False,True,False,True,Semi-detached,2.02,EST,Eastern Province,Outlier Bay,2500000,"Coastal, fishing, tourism",Medium
DHHS2025-00245,CTR,Numerica Urban,Urban,6,2,4,0,55965,43675,True,True,True,True,True,True,False,False,Informal,0.6,CTR,Central Province,Numerica,5200000,"Capital region, services, government",Large
DHHS2025-00246,CTR,Variance District,Urban,4,1,3,0,81580,64580,True,True,True,False,False,True,True,False,Detached house,0.64,CTR,Central Province,Numerica,5200000,"Capital region, services, government",Medium
DHHS2025-00247,STH,Frequency Plains,Urban,4,0,4,0,45416,41868,False,False,True,False,True,False,False,False,Informal,0.74,STH,Southern Province,Median City,3800000,"Industrial, urban",Medium
DHHS2025-00248,CTR,Range District,Urban,4,3,1,0,73122,64890,True,True,True,True,False,True,False,True,Detached house,0.62,CTR,Central Province,Numerica,5200000,"Capital region, services, government",Medium
DHHS2025-00249,STH,Distribution District,Rural,5,2,3,0,44950,32229,False,True,True,False,False,True,True,True,Traditional hut,1.34,STH,Southern Province,Median City,3800000,"Industrial, urban",Medium
DHHS2025-00250,LKS,Port Sample District,Urban,4,1,3,0,28066,26525,True,True,False,True,False,False,False,False,Flat/Apartment,0.98,LKS,Lakeside Province,Port Sample,3000000,"Agriculture, lake fishing",Medium
DHHS2025-00251,NTH,Polaris District,Rural,5,3,2,0,11867,9690,True,False,False,True,True,False,False,False,Traditional hut,2.19,NTH,Northern Province,Polaris,2100000,"Rural, agricultural, mining",Medium
DHHS2025-00252,EST,Percentile District,Rural,5,2,3,0,34788,35242,False,True,False,True,True,False,False,False,Traditional hut,1.92,EST,Eastern Province,Outlier Bay,2500000,"Coastal, fishing, tourism",Medium
DHHS2025-00253,EST,Kurtosis Bay,Rural,4,1,3,0,45432,41233,False,True,False,True,False,True,True,False,Traditional hut,1.85,EST,Eastern Province,Outlier Bay,2500000,"Coastal, fishing, tourism",Medium
DHHS2025-00254,NTH,Correlation Hills,Rural,2,1,1,0,13565,10934,False,True,False,True,False,False,True,False,Single room,2.3,NTH,Northern Province,Polaris,2100000,"Rural, agricultural, mining",Small
DHHS2025-00255,NTH,Correlation Hills,Rural,11,0,11,0,51432,40910,True,False,True,True,True,True,False,False,Semi-detached,2.17,NTH,Northern Province,Polaris,2100000,"Rural, agricultural, mining",Large
DHHS2025-00256,CTR,Numerica Urban,Rural,6,1,5,0,30023,24386,True,True,False,True,True,True,False,False,Single room,0.82,CTR,Central Province,Numerica,5200000,"Capital region, services, government",Large
DHHS2025-00257,LKS,Estimate District,Rural,5,1,4,0,31083,25971,True,True,False,False,True,True,False,False,Traditional hut,1.57,LKS,Lakeside Province,Port Sample,3000000,"Agriculture, lake fishing",Medium
DHHS2025-00258,WST,Error Margin,Urban,3,2,1,0,22832,19196,True,True,False,False,True,False,False,False,Single room,1.56,WST,Western Province,Deviation,1900000,"Semi-arid, livestock",Medium
DHHS2025-00259,EST,Skewness District,Rural,5,0,5,0,87843,78687,True,True,True,True,False,True,False,False,Semi-detached,1.88,EST,Eastern Province,Outlier Bay,2500000,"Coastal, fishing, tourism",Medium
DHHS2025-00260,CTR,Numerica Urban,Urban,7,0,7,0,63915,52566,True,True,False,True,True,True,False,False,Informal,0.54,CTR,Central Province,Numerica,5200000,"Capital region, services, government",Large
DHHS2025-00261,EST,Percentile District,Rural,5,0,5,0,92342,83220,True,False,True,True,True,True,False,True,Traditional hut,1.74,EST,Eastern Province,Outlier Bay,2500000,"Coastal, fishing, tourism",Medium
DHHS2025-00262,EST,Skewness District,Urban,6,1,5,0,107213,89051,True,True,True,True,True,True,False,False,Single room,1.19,EST,Eastern Province,Outlier Bay,2500000,"Coastal, fishing, tourism",Large
DHHS2025-00263,EST,Skewness District,Urban,4,3,1,0,92816,87059,True,True,True,True,True,True,False,False,Informal,1.18,EST,Eastern Province,Outlier Bay,2500000,"Coastal, fishing, tourism",Medium
DHHS2025-00264,STH,Median Urban,Urban,3,2,1,0,56494,43344,True,False,False,False,False,True,True,False,Detached house,0.79,STH,Southern Province,Median City,3800000,"Industrial, urban",Medium
DHHS2025-00265,NTH,Regression Valley,Rural,4,1,3,0,53709,49395,True,True,True,False,True,True,True,False,Traditional hut,2.02,NTH,Northern Province,Polaris,2100000,"Rural, agricultural, mining",Medium
DHHS2025-00266,EST,Kurtosis Bay,Urban,5,1,4,0,98167,76337,True,True,True,True,True,True,False,False,Flat/Apartment,1.28,EST,Eastern Province,Outlier Bay,2500000,"Coastal, fishing, tourism",Medium
DHHS2025-00267,NTH,Correlation Hills,Urban,1,0,1,0,32591,26597,False,True,False,True,True,True,True,False,Informal,1.45,NTH,Northern Province,Polaris,2100000,"Rural, agricultural, mining",Small
DHHS2025-00268,LKS,Estimate District,Urban,12,2,9,1,21790,17850,True,False,True,False,False,True,False,False,Semi-detached,1.07,LKS,Lakeside Province,Port Sample,3000000,"Agriculture, lake fishing",Large
DHHS2025-00269,NTH,Polaris District,Urban,7,2,5,0,27306,21488,True,False,False,True,False,True,False,False,Informal,1.37,NTH,Northern Province,Polaris,2100000,"Rural, agricultural, mining",Large
DHHS2025-00270,CTR,Variance District,Urban,9,3,6,0,25232,18709,False,False,True,False,True,True,False,False,Single room,0.58,CTR,Central Province,Numerica,5200000,"Capital region, services, government",Large
DHHS2025-00271,STH,Mode District,Urban,5,1,4,0,19329,16130,True,True,False,False,False,True,False,False,Informal,0.82,STH,Southern Province,Median City,3800000,"Industrial, urban",Medium
DHHS2025-00272,CTR,Numerica Peri-Urban,Urban,5,4,1,0,126560,116394,True,True,True,False,True,True,True,True,Flat/Apartment,0.58,CTR,Central Province,Numerica,5200000,"Capital region, services, government",Medium
DHHS2025-00273,EST,Kurtosis Bay,Rural,4,1,3,0,90628,70637,True,True,True,True,True,True,False,False,Detached house,1.77,EST,Eastern Province,Outlier Bay,2500000,"Coastal, fishing, tourism",Medium
DHHS2025-00274,CTR,Range District,Urban,4,3,1,0,112315,101210,True,True,True,True,True,True,True,False,Flat/Apartment,0.6,CTR,Central Province,Numerica,5200000,"Capital region, services, government",Medium
DHHS2025-00275,WST,Deviation District,Rural,7,1,6,0,5000,4542,False,True,True,False,False,True,False,False,Detached house,2.52,WST,Western Province,Deviation,1900000,"Semi-arid, livestock",Large
DHHS2025-00276,STH,Distribution District,Urban,4,3,1,0,37734,32569,True,False,True,True,True,True,True,False,Informal,0.78,STH,Southern Province,Median City,3800000,"Industrial, urban",Medium
DHHS2025-00277,CTR,Numerica Urban,Urban,2,1,1,0,61695,53818,True,True,True,True,True,True,False,False,Informal,0.57,CTR,Central Province,Numerica,5200000,"Capital region, services, government",Small
DHHS2025-00278,EST,Percentile District,Urban,5,1,4,0,26834,22268,True,True,False,False,False,True,False,True,Detached house,1.28,EST,Eastern Province,Outlier Bay,2500000,"Coastal, fishing, tourism",Medium
DHHS2025-00279,EST,Skewness District,Urban,9,3,6,0,49230,43087,True,True,False,False,True,True,True,False,Flat/Apartment,1.26,EST,Eastern Province,Outlier Bay,2500000,"Coastal, fishing, tourism",Large
DHHS2025-00280,STH,Mode District,Urban,3,1,2,0,96893,97716,True,True,True,True,True,True,True,True,Semi-detached,0.78,STH,Southern Province,Median City,3800000,"Industrial, urban",Medium
DHHS2025-00281,WST,Deviation District,Urban,7,2,5,0,41539,33084,True,True,True,True,True,True,True,False,Flat/Apartment,1.52,WST,Western Province,Deviation,1900000,"Semi-arid, livestock",Large
DHHS2025-00282,WST,Confidence District,Rural,6,1,5,0,8445,7464,False,False,False,True,False,True,False,False,Traditional hut,2.23,WST,Western Province,Deviation,1900000,"Semi-arid, livestock",Large
DHHS2025-00283,EST,Outlier Coastal,Rural,3,2,1,0,76157,61884,True,True,True,True,False,True,False,True,Traditional hut,1.76,EST,Eastern Province,Outlier Bay,2500000,"Coastal, fishing, tourism",Medium
DHHS2025-00284,STH,Distribution District,Urban,11,3,8,0,104871,86245,True,True,True,True,True,True,True,False,Single room,0.81,STH,Southern Province,Median City,3800000,"Industrial, urban",Large
DHHS2025-00285,STH,Median Urban,Rural,5,1,4,0,38963,31974,True,True,True,False,True,True,True,False,Semi-detached,1.19,STH,Southern Province,Median City,3800000,"Industrial, urban",Medium
DHHS2025-00286,EST,Outlier Coastal,Rural,3,1,2,0,41304,40327,True,False,True,True,False,True,False,False,Detached house,1.91,EST,Eastern Province,Outlier Bay,2500000,"Coastal, fishing, tourism",Medium
DHHS2025-00287,EST,Outlier Coastal,Rural,3,1,2,0,34743,28962,True,True,True,False,False,False,False,False,Traditional hut,1.86,EST,Eastern Province,Outlier Bay,2500000,"Coastal, fishing, tourism",Medium
DHHS2025-00288,LKS,Port Sample District,Urban,6,2,4,0,45681,33233,True,True,False,False,False,True,True,False,Single room,0.95,LKS,Lakeside Province,Port Sample,3000000,"Agriculture, lake fishing",Large
DHHS2025-00289,CTR,Variance District,Rural,5,2,2,1,46208,39168,False,False,True,True,True,True,True,True,Traditional hut,0.95,CTR,Central Province,Numerica,5200000,"Capital region, services, government",Medium
DHHS2025-00290,STH,Distribution District,Urban,4,0,4,0,96714,84546,True,True,True,False,True,True,True,False,Single room,0.87,STH,Southern Province,Median City,3800000,"Industrial, urban",Medium
DHHS2025-00291,STH,Distribution District,Rural,7,1,6,0,35204,24989,True,True,False,True,True,True,False,True,Traditional hut,1.12,STH,Southern Province,Median City,3800000,"Industrial, urban",Large
DHHS2025-00292,STH,Frequency Plains,Urban,4,0,4,0,68479,63983,True,True,True,True,True,True,False,False,Single room,0.77,STH,Southern Province,Median City,3800000,"Industrial, urban",Medium
DHHS2025-00293,STH,Distribution District,Urban,3,2,1,0,39051,34471,True,True,False,True,True,False,False,False,Single room,0.76,STH,Southern Province,Median City,3800000,"Industrial, urban",Medium
DHHS2025-00294,NTH,Polaris District,Urban,8,2,6,0,18843,14672,True,True,True,False,True,True,False,False,Single room,1.38,NTH,Northern Province,Polaris,2100000,"Rural, agricultural, mining",Large
DHHS2025-00295,EST,Skewness District,Urban,8,1,7,0,61511,56641,True,False,True,True,True,True,False,False,Informal,1.35,EST,Eastern Province,Outlier Bay,2500000,"Coastal, fishing, tourism",Large
DHHS2025-00296,EST,Kurtosis Bay,Rural,4,1,3,0,15771,13874,False,True,False,False,False,True,False,False,Single room,1.9,EST,Eastern Province,Outlier Bay,2500000,"Coastal, fishing, tourism",Medium
DHHS2025-00297,STH,Mode District,Urban,5,1,3,1,36058,34837,True,True,True,True,True,True,False,False,Single room,0.86,STH,Southern Province,Median City,3800000,"Industrial, urban",Medium
DHHS2025-00298,CTR,Numerica Urban,Urban,2,1,1,0,161922,154957,True,True,True,True,True,True,True,False,Flat/Apartment,0.54,CTR,Central Province,Numerica,5200000,"Capital region, services, government",Small
DHHS2025-00299,CTR,Numerica Peri-Urban,Urban,10,2,8,0,41482,28118,True,True,False,True,True,True,False,True,Semi-detached,0.55,CTR,Central Province,Numerica,5200000,"Capital region, services, government",Large
DHHS2025-00300,EST,Skewness District,Rural,11,1,10,0,21124,19014,True,True,False,True,False,True,True,False,Detached house,1.89,EST,Eastern Province,Outlier Bay,2500000,"Coastal, fishing, tourism",Large
DHHS2025-00301,CTR,Numerica Peri-Urban,Urban,3,2,1,0,36155,30893,True,True,False,False,True,False,False,False,Semi-detached,0.62,CTR,Central Province,Numerica,5200000,"Capital region, services, government",Medium
DHHS2025-00302,WST,Error Margin,Rural,5,1,4,0,19696,17149,True,True,False,False,False,True,False,False,Detached house,2.31,WST,Western Province,Deviation,1900000,"Semi-arid, livestock",Medium
DHHS2025-00303,CTR,Variance District,Rural,3,2,1,0,73538,69476,True,True,True,False,True,True,False,False,Detached house,0.82,CTR,Central Province,Numerica,5200000,"Capital region, services, government",Medium
DHHS2025-00304,CTR,Variance District,Urban,7,0,7,0,53920,47572,True,True,False,True,True,True,True,True,Flat/Apartment,0.59,CTR,Central Province,Numerica,5200000,"Capital region, services, government",Large
DHHS2025-00305,LKS,Port Sample District,Rural,5,3,2,0,25989,20270,False,True,True,True,False,False,False,True,Detached house,1.43,LKS,Lakeside Province,Port Sample,3000000,"Agriculture, lake fishing",Medium
DHHS2025-00306,EST,Outlier Coastal,Rural,5,0,5,0,20227,18296,False,True,False,True,False,True,False,False,Traditional hut,1.86,EST,Eastern Province,Outlier Bay,2500000,"Coastal, fishing, tourism",Medium
DHHS2025-00307,EST,Skewness District,Urban,3,2,1,0,48364,42848,False,True,True,False,True,True,False,True,Single room,1.32,EST,Eastern Province,Outlier Bay,2500000,"Coastal, fishing, tourism",Medium
DHHS2025-00308,STH,Frequency Plains,Urban,5,1,4,0,16454,16700,True,False,False,False,False,False,False,False,Detached house,0.76,STH,Southern Province,Median City,3800000,"Industrial, urban",Medium
DHHS2025-00309,EST,Percentile District,Urban,4,3,1,0,35108,27142,True,False,False,True,False,True,True,False,Semi-detached,1.24,EST,Eastern Province,Outlier Bay,2500000,"Coastal, fishing, tourism",Medium
DHHS2025-00310,CTR,Range District,Rural,7,1,6,0,102103,96890,True,True,True,True,True,True,True,False,Detached house,0.92,CTR,Central Province,Numerica,5200000,"Capital region, services, government",Large
DHHS2025-00311,EST,Skewness District,Urban,3,2,1,0,7736,6337,True,False,False,False,False,False,False,False,Informal,1.35,EST,Eastern Province,Outlier Bay,2500000,"Coastal, fishing, tourism",Medium
DHHS2025-00312,CTR,Numerica Urban,Rural,6,0,6,0,13559,13502,True,False,False,False,False,True,False,False,Detached house,0.89,CTR,Central Province,Numerica,5200000,"Capital region, services, government",Large
DHHS2025-00313,EST,Percentile District,Rural,7,1,5,1,29963,21583,True,True,True,False,False,True,False,False,Detached house,1.99,EST,Eastern Province,Outlier Bay,2500000,"Coastal, fishing, tourism",Large
DHHS2025-00314,WST,Confidence District,Rural,5,3,2,0,8390,8287,False,True,False,True,False,True,False,True,Detached house,2.45,WST,Western Province,Deviation,1900000,"Semi-arid, livestock",Medium
DHHS2025-00315,EST,Percentile District,Rural,5,0,5,0,59623,51754,True,True,True,False,False,True,False,False,Detached house,1.87,EST,Eastern Province,Outlier Bay,2500000,"Coastal, fishing, tourism",Medium
DHHS2025-00316,WST,Confidence District,Rural,6,2,4,0,81886,63752,True,True,True,True,False,True,False,False,Detached house,2.26,WST,Western Province,Deviation,1900000,"Semi-arid, livestock",Large
DHHS2025-00317,STH,Distribution District,Urban,5,4,1,0,19383,14204,True,False,True,True,True,True,False,False,Flat/Apartment,0.74,STH,Southern Province,Median City,3800000,"Industrial, urban",Medium
DHHS2025-00318,CTR,Numerica Urban,Rural,5,1,4,0,54441,40909,True,False,True,True,True,False,True,False,Semi-detached,0.86,CTR,Central Province,Numerica,5200000,"Capital region, services, government",Medium
DHHS2025-00319,LKS,Estimate District,Rural,8,3,5,0,58272,40860,True,True,True,False,True,True,False,True,Semi-detached,1.43,LKS,Lakeside Province,Port Sample,3000000,"Agriculture, lake fishing",Large
DHHS2025-00320,LKS,Parameter District,Rural,6,1,5,0,57082,55287,True,True,True,True,True,True,True,False,Traditional hut,1.39,LKS,Lakeside Province,Port Sample,3000000,"Agriculture, lake fishing",Large
DHHS2025-00321,LKS,Port Sample District,Rural,7,4,3,0,29284,28302,True,False,False,False,True,True,False,False,Single room,1.58,LKS,Lakeside Province,Port Sample,3000000,"Agriculture, lake fishing",Large
DHHS2025-00322,LKS,Interval District,Rural,4,3,1,0,21227,19591,False,False,True,True,True,True,False,False,Traditional hut,1.67,LKS,Lakeside Province,Port Sample,3000000,"Agriculture, lake fishing",Medium
DHHS2025-00323,WST,Standard District,Rural,6,0,6,0,18229,15615,True,True,True,True,False,False,True,False,Traditional hut,2.59,WST,Western Province,Deviation,1900000,"Semi-arid, livestock",Large
DHHS2025-00324,WST,Error Margin,Rural,4,3,1,0,9952,7198,True,False,False,False,True,False,False,False,Detached house,2.26,WST,Western Province,Deviation,1900000,"Semi-arid, livestock",Medium
DHHS2025-00325,LKS,Estimate District,Urban,4,1,3,0,55318,54064,True,True,True,True,False,True,False,False,Single room,0.96,LKS,Lakeside Province,Port Sample,3000000,"Agriculture, lake fishing",Medium
DHHS2025-00326,CTR,Variance District,Urban,3,2,1,0,83690,76560,True,True,True,True,True,True,True,False,Detached house,0.58,CTR,Central Province,Numerica,5200000,"Capital region, services, government",Medium
DHHS2025-00327,CTR,Variance District,Urban,4,0,4,0,63396,52891,True,True,True,False,False,True,True,False,Single room,0.58,CTR,Central Province,Numerica,5200000,"Capital region, services, government",Medium
DHHS2025-00328,WST,Confidence District,Urban,8,0,8,0,24729,20689,False,False,False,True,False,False,False,False,Single room,1.62,WST,Western Province,Deviation,1900000,"Semi-arid, livestock",Large
DHHS2025-00329,NTH,Correlation Hills,Rural,6,1,5,0,69744,63540,True,True,False,True,False,True,True,False,Traditional hut,2.4,NTH,Northern Province,Polaris,2100000,"Rural, agricultural, mining",Large
DHHS2025-00330,WST,Error Margin,Rural,7,1,6,0,10237,9137,False,True,False,True,False,True,False,False,Detached house,2.48,WST,Western Province,Deviation,1900000,"Semi-arid, livestock",Large
DHHS2025-00331,NTH,Sigma District,Urban,4,2,2,0,23315,22711,False,False,True,True,False,False,False,True,Single room,1.48,NTH,Northern Province,Polaris,2100000,"Rural, agricultural, mining",Medium
DHHS2025-00332,CTR,Numerica Urban,Urban,4,3,1,0,103706,88466,True,True,True,False,True,True,False,False,Flat/Apartment,0.59,CTR,Central Province,Numerica,5200000,"Capital region, services, government",Medium
DHHS2025-00333,NTH,Polaris District,Rural,2,1,1,0,17113,14633,True,True,True,True,True,True,False,False,Detached house,2.17,NTH,Northern Province,Polaris,2100000,"Rural, agricultural, mining",Small
DHHS2025-00334,STH,Median Urban,Urban,3,2,1,0,119823,88368,True,True,True,True,True,True,True,False,Informal,0.82,STH,Southern Province,Median City,3800000,"Industrial, urban",Medium
DHHS2025-00335,NTH,Sigma District,Urban,2,1,1,0,22200,16998,False,True,False,True,False,True,False,False,Flat/Apartment,1.45,NTH,Northern Province,Polaris,2100000,"Rural, agricultural, mining",Small
DHHS2025-00336,WST,Deviation District,Rural,3,2,1,0,27276,21338,False,True,True,True,True,False,False,False,Traditional hut,2.51,WST,Western Province,Deviation,1900000,"Semi-arid, livestock",Medium
DHHS2025-00337,STH,Distribution District,Rural,6,2,4,0,39453,34044,True,False,False,True,False,True,True,False,Traditional hut,1.27,STH,Southern Province,Median City,3800000,"Industrial, urban",Large
DHHS2025-00338,EST,Outlier Coastal,Urban,7,1,6,0,56796,47487,False,True,True,False,False,True,False,False,Flat/Apartment,1.14,EST,Eastern Province,Outlier Bay,2500000,"Coastal, fishing, tourism",Large
DHHS2025-00339,STH,Mode District,Urban,7,2,5,0,61099,52503,True,True,True,True,False,True,True,False,Detached house,0.74,STH,Southern Province,Median City,3800000,"Industrial, urban",Large
DHHS2025-00340,LKS,Interval District,Urban,4,1,3,0,48128,37882,True,True,True,True,False,True,False,False,Flat/Apartment,0.99,LKS,Lakeside Province,Port Sample,3000000,"Agriculture, lake fishing",Medium
DHHS2025-00341,NTH,Sigma District,Rural,4,2,2,0,31002,21933,False,True,True,True,True,False,False,False,Traditional hut,2.17,NTH,Northern Province,Polaris,2100000,"Rural, agricultural, mining",Medium
DHHS2025-00342,LKS,Interval District,Urban,5,2,3,0,27613,22869,True,True,False,True,False,True,False,False,Single room,1.11,LKS,Lakeside Province,Port Sample,3000000,"Agriculture, lake fishing",Medium
DHHS2025-00343,EST,Skewness District,Rural,5,3,2,0,50110,40824,False,True,True,True,True,True,True,False,Detached house,1.75,EST,Eastern Province,Outlier Bay,2500000,"Coastal, fishing, tourism",Medium
DHHS2025-00344,CTR,Variance District,Urban,7,2,5,0,58662,53810,False,False,True,True,True,False,True,False,Detached house,0.54,CTR,Central Province,Numerica,5200000,"Capital region, services, government",Large
DHHS2025-00345,LKS,Estimate District,Rural,1,0,1,0,30476,24038,True,False,False,True,False,True,False,False,Semi-detached,1.54,LKS,Lakeside Province,Port Sample,3000000,"Agriculture, lake fishing",Small
DHHS2025-00346,WST,Standard District,Rural,2,1,1,0,30298,26106,True,True,False,True,False,True,False,False,Detached house,2.48,WST,Western Province,Deviation,1900000,"Semi-arid, livestock",Small
DHHS2025-00347,WST,Deviation District,Rural,5,4,1,0,44571,34673,False,True,False,True,False,True,False,False,Detached house,2.64,WST,Western Province,Deviation,1900000,"Semi-arid, livestock",Medium
DHHS2025-00348,LKS,Estimate District,Rural,7,6,1,0,21344,18653,False,True,True,False,True,True,False,False,Single room,1.65,LKS,Lakeside Province,Port Sample,3000000,"Agriculture, lake fishing",Large
DHHS2025-00349,CTR,Range District,Urban,8,0,8,0,34195,30401,False,True,True,False,True,True,False,False,Single room,0.62,CTR,Central Province,Numerica,5200000,"Capital region, services, government",Large
DHHS2025-00350,LKS,Interval District,Urban,6,2,4,0,77214,55076,True,True,True,False,True,True,True,False,Single room,1.06,LKS,Lakeside Province,Port Sample,3000000,"Agriculture, lake fishing",Large
DHHS2025-00351,CTR,Numerica Peri-Urban,Urban,4,2,2,0,73844,53746,True,True,True,True,False,False,False,False,Detached house,0.58,CTR,Central Province,Numerica,5200000,"Capital region, services, government",Medium
DHHS2025-00352,STH,Distribution District,Urban,6,4,2,0,80663,65563,True,True,True,True,True,True,True,True,Semi-detached,0.81,STH,Southern Province,Median City,3800000,"Industrial, urban",Large
DHHS2025-00353,LKS,Interval District,Rural,4,2,2,0,18895,15571,False,False,False,False,True,False,True,False,Semi-detached,1.68,LKS,Lakeside Province,Port Sample,3000000,"Agriculture, lake fishing",Medium
DHHS2025-00354,LKS,Interval District,Rural,4,1,3,0,40008,32902,False,False,False,False,True,True,False,True,Detached house,1.57,LKS,Lakeside Province,Port Sample,3000000,"Agriculture, lake fishing",Medium
DHHS2025-00355,STH,Mode District,Urban,4,0,4,0,116296,90354,True,True,True,True,True,True,True,False,Semi-detached,0.76,STH,Southern Province,Median City,3800000,"Industrial, urban",Medium
DHHS2025-00356,STH,Mode District,Urban,3,1,2,0,42325,35227,True,True,True,False,False,True,False,True,Detached house,0.78,STH,Southern Province,Median City,3800000,"Industrial, urban",Medium
DHHS2025-00357,WST,Deviation District,Rural,5,1,4,0,15014,13891,False,False,True,False,True,False,False,False,Traditional hut,2.46,WST,Western Province,Deviation,1900000,"Semi-arid, livestock",Medium
DHHS2025-00358,LKS,Port Sample District,Urban,4,3,1,0,12468,11510,False,True,True,True,False,True,False,False,Semi-detached,1.05,LKS,Lakeside Province,Port Sample,3000000,"Agriculture, lake fishing",Medium
DHHS2025-00359,STH,Median Urban,Rural,4,3,1,0,44506,34604,False,True,True,True,False,True,False,False,Detached house,1.34,STH,Southern Province,Median City,3800000,"Industrial, urban",Medium
DHHS2025-00360,NTH,Sigma District,Urban,6,2,4,0,27038,21611,False,True,False,False,False,True,False,False,Single room,1.45,NTH,Northern Province,Polaris,2100000,"Rural, agricultural, mining",Large
DHHS2025-00361,CTR,Numerica Urban,Urban,6,3,3,0,116002,97076,True,True,True,True,True,True,True,False,Semi-detached,0.63,CTR,Central Province,Numerica,5200000,"Capital region, services, government",Large
DHHS2025-00362,NTH,Correlation Hills,Rural,7,1,6,0,64181,55768,False,True,True,False,True,True,True,True,Semi-detached,2.14,NTH,Northern Province,Polaris,2100000,"Rural, agricultural, mining",Large
DHHS2025-00363,NTH,Regression Valley,Rural,4,0,4,0,30438,27439,False,True,False,False,True,True,False,False,Semi-detached,2.28,NTH,Northern Province,Polaris,2100000,"Rural, agricultural, mining",Medium
DHHS2025-00364,WST,Error Margin,Rural,6,5,1,0,13660,10036,True,True,False,False,True,True,False,False,Detached house,2.53,WST,Western Province,Deviation,1900000,"Semi-arid, livestock",Large
DHHS2025-00365,LKS,Interval District,Rural,5,1,4,0,29776,26258,True,False,False,True,False,False,False,False,Detached house,1.63,LKS,Lakeside Province,Port Sample,3000000,"Agriculture, lake fishing",Medium
DHHS2025-00366,WST,Deviation District,Rural,8,3,5,0,23407,19706,True,False,True,False,False,False,False,False,Detached house,2.36,WST,Western Province,Deviation,1900000,"Semi-arid, livestock",Large
DHHS2025-00367,CTR,Variance District,Rural,5,2,3,0,59472,50053,True,True,True,True,True,True,False,True,Single room,0.94,CTR,Central Province,Numerica,5200000,"Capital region, services, government",Medium
DHHS2025-00368,CTR,Range District,Urban,8,2,6,0,67516,55803,True,True,True,True,False,True,False,False,Semi-detached,0.56,CTR,Central Province,Numerica,5200000,"Capital region, services, government",Large
DHHS2025-00369,STH,Median Urban,Urban,2,1,1,0,148342,140252,True,True,True,True,True,True,True,False,Informal,0.77,STH,Southern Province,Median City,3800000,"Industrial, urban",Small
DHHS2025-00370,EST,Percentile District,Urban,4,0,4,0,37114,31355,True,True,True,True,True,True,False,False,Semi-detached,1.35,EST,Eastern Province,Outlier Bay,2500000,"Coastal, fishing, tourism",Medium
DHHS2025-00371,NTH,Polaris District,Urban,5,1,4,0,41836,33910,False,True,False,False,False,True,False,True,Detached house,1.41,NTH,Northern Province,Polaris,2100000,"Rural, agricultural, mining",Medium
DHHS2025-00372,LKS,Parameter District,Rural,4,2,2,0,40738,33708,True,True,True,True,False,True,False,True,Detached house,1.51,LKS,Lakeside Province,Port Sample,3000000,"Agriculture, lake fishing",Medium
DHHS2025-00373,WST,Error Margin,Rural,6,0,6,0,20161,15914,False,False,False,True,True,True,True,False,Traditional hut,2.24,WST,Western Province,Deviation,1900000,"Semi-arid, livestock",Large
DHHS2025-00374,NTH,Regression Valley,Urban,6,4,2,0,31037,25581,True,True,True,True,True,True,False,False,Informal,1.55,NTH,Northern Province,Polaris,2100000,"Rural, agricultural, mining",Large
DHHS2025-00375,LKS,Parameter District,Rural,4,3,1,0,14817,13148,False,False,False,False,False,True,False,False,Detached house,1.54,LKS,Lakeside Province,Port Sample,3000000,"Agriculture, lake fishing",Medium
DHHS2025-00376,STH,Median Urban,Rural,5,0,5,0,40204,34529,True,True,False,True,True,False,False,False,Detached house,1.33,STH,Southern Province,Median City,3800000,"Industrial, urban",Medium
DHHS2025-00377,LKS,Parameter District,Urban,3,2,1,0,78057,67069,True,True,True,True,True,True,False,False,Flat/Apartment,0.95,LKS,Lakeside Province,Port Sample,3000000,"Agriculture, lake fishing",Medium
DHHS2025-00378,STH,Frequency Plains,Urban,4,1,3,0,56430,49437,True,True,True,True,True,True,False,False,Detached house,0.86,STH,Southern Province,Median City,3800000,"Industrial, urban",Medium
DHHS2025-00379,CTR,Variance District,Rural,5,1,4,0,76327,72792,False,True,True,True,True,True,True,False,Semi-detached,0.95,CTR,Central Province,Numerica,5200000,"Capital region, services, government",Medium
DHHS2025-00380,LKS,Port Sample District,Urban,8,2,6,0,21644,18564,True,True,False,True,False,True,False,False,Detached house,1.09,LKS,Lakeside Province,Port Sample,3000000,"Agriculture, lake fishing",Large
DHHS2025-00381,STH,Frequency Plains,Rural,4,3,1,0,31903,25364,False,True,True,True,True,False,True,False,Single room,1.14,STH,Southern Province,Median City,3800000,"Industrial, urban",Medium
DHHS2025-00382,STH,Frequency Plains,Urban,6,4,2,0,34213,28005,True,False,False,True,False,True,False,False,Single room,0.86,STH,Southern Province,Median City,3800000,"Industrial, urban",Large
DHHS2025-00383,STH,Median Urban,Rural,2,1,1,0,24648,24139,False,True,False,True,False,True,False,False,Semi-detached,1.2,STH,Southern Province,Median City,3800000,"Industrial, urban",Small
DHHS2025-00384,STH,Mode District,Rural,10,2,8,0,16539,13214,False,False,False,True,False,True,False,True,Detached house,1.24,STH,Southern Province,Median City,3800000,"Industrial, urban",Large
DHHS2025-00385,STH,Frequency Plains,Rural,5,1,4,0,50029,40295,True,True,True,True,False,True,False,True,Single room,1.25,STH,Southern Province,Median City,3800000,"Industrial, urban",Medium
DHHS2025-00386,CTR,Variance District,Urban,5,3,2,0,53953,44336,True,True,True,True,True,True,True,False,Informal,0.6,CTR,Central Province,Numerica,5200000,"Capital region, services, government",Medium
DHHS2025-00387,CTR,Range District,Rural,4,1,3,0,109616,86593,True,True,True,True,True,True,True,False,Semi-detached,0.91,CTR,Central Province,Numerica,5200000,"Capital region, services, government",Medium
DHHS2025-00388,CTR,Numerica Peri-Urban,Rural,4,2,2,0,59262,48085,False,True,False,True,False,False,False,False,Detached house,0.87,CTR,Central Province,Numerica,5200000,"Capital region, services, government",Medium
DHHS2025-00389,CTR,Range District,Urban,6,2,4,0,80704,60972,True,True,True,True,True,True,False,False,Detached house,0.55,CTR,Central Province,Numerica,5200000,"Capital region, services, government",Large
DHHS2025-00390,STH,Frequency Plains,Rural,4,2,2,0,22016,18354,True,False,True,False,True,True,False,False,Detached house,1.25,STH,Southern Province,Median City,3800000,"Industrial, urban",Medium
DHHS2025-00391,CTR,Variance District,Urban,10,1,9,0,127023,95770,True,True,True,True,True,True,True,False,Semi-detached,0.6,CTR,Central Province,Numerica,5200000,"Capital region, services, government",Large
DHHS2025-00392,STH,Mode District,Rural,6,1,5,0,27205,22215,True,True,True,True,False,True,False,False,Single room,1.14,STH,Southern Province,Median City,3800000,"Industrial, urban",Large
DHHS2025-00393,WST,Deviation District,Rural,2,1,1,0,21676,18457,True,False,False,True,True,True,True,False,Detached house,2.6,WST,Western Province,Deviation,1900000,"Semi-arid, livestock",Small
DHHS2025-00394,CTR,Range District,Rural,3,1,2,0,29703,24783,True,True,False,False,False,True,False,False,Traditional hut,0.87,CTR,Central Province,Numerica,5200000,"Capital region, services, government",Medium
DHHS2025-00395,EST,Skewness District,Rural,3,2,1,0,12056,10743,False,True,False,True,False,False,False,False,Detached house,1.91,EST,Eastern Province,Outlier Bay,2500000,"Coastal, fishing, tourism",Medium
DHHS2025-00396,STH,Median Urban,Urban,7,1,6,0,28282,24707,True,True,True,True,False,False,False,False,Single room,0.83,STH,Southern Province,Median City,3800000,"Industrial, urban",Large
DHHS2025-00397,WST,Deviation District,Rural,10,0,10,0,20607,19367,True,True,True,True,True,True,False,False,Detached house,2.54,WST,Western Province,Deviation,1900000,"Semi-arid, livestock",Large
DHHS2025-00398,LKS,Interval District,Urban,6,1,5,0,28604,26050,False,False,True,True,False,False,False,False,Detached house,1.03,LKS,Lakeside Province,Port Sample,3000000,"Agriculture, lake fishing",Large
DHHS2025-00399,LKS,Interval District,Rural,6,2,4,0,102853,82292,True,True,True,True,True,True,False,False,Traditional hut,1.4,LKS,Lakeside Province,Port Sample,3000000,"Agriculture, lake fishing",Large
DHHS2025-00400,LKS,Parameter District,Rural,3,2,1,0,19297,16487,False,False,False,False,True,True,False,False,Detached house,1.6,LKS,Lakeside Province,Port Sample,3000000,"Agriculture, lake fishing",Medium
DHHS2025-00401,CTR,Range District,Urban,3,1,2,0,27741,22381,True,True,True,True,True,True,True,False,Semi-detached,0.61,CTR,Central Province,Numerica,5200000,"Capital region, services, government",Medium
DHHS2025-00402,WST,Standard District,Rural,8,2,6,0,25044,19135,False,True,False,True,True,False,False,False,Semi-detached,2.46,WST,Western Province,Deviation,1900000,"Semi-arid, livestock",Large
DHHS2025-00403,STH,Median Urban,Rural,6,3,3,0,36687,27112,False,False,False,True,False,True,False,False,Traditional hut,1.28,STH,Southern Province,Median City,3800000,"Industrial, urban",Large
DHHS2025-00404,CTR,Variance District,Urban,2,1,1,0,108468,89146,True,True,True,False,True,True,True,True,Flat/Apartment,0.65,CTR,Central Province,Numerica,5200000,"Capital region, services, government",Small
DHHS2025-00405,CTR,Numerica Urban,Urban,6,3,3,0,51646,39998,True,True,False,True,True,True,False,False,Single room,0.57,CTR,Central Province,Numerica,5200000,"Capital region, services, government",Large
DHHS2025-00406,STH,Frequency Plains,Rural,4,3,1,0,11832,9046,True,False,False,True,False,True,False,False,Semi-detached,1.21,STH,Southern Province,Median City,3800000,"Industrial, urban",Medium
DHHS2025-00407,EST,Kurtosis Bay,Urban,8,0,8,0,48360,45240,True,False,True,True,False,True,False,False,Single room,1.32,EST,Eastern Province,Outlier Bay,2500000,"Coastal, fishing, tourism",Large
DHHS2025-00408,STH,Mode District,Rural,9,0,9,0,40464,32141,True,True,True,True,False,True,False,True,Detached house,1.19,STH,Southern Province,Median City,3800000,"Industrial, urban",Large
DHHS2025-00409,CTR,Range District,Urban,2,1,1,0,39215,31415,True,True,True,True,True,True,False,False,Detached house,0.54,CTR,Central Province,Numerica,5200000,"Capital region, services, government",Small
DHHS2025-00410,STH,Mode District,Urban,3,0,3,0,40803,32185,True,True,True,True,False,True,False,False,Single room,0.83,STH,Southern Province,Median City,3800000,"Industrial, urban",Medium
DHHS2025-00411,WST,Error Margin,Urban,8,1,7,0,24232,18599,False,True,False,True,False,False,True,False,Detached house,1.54,WST,Western Province,Deviation,1900000,"Semi-arid, livestock",Large
DHHS2025-00412,CTR,Range District,Urban,5,4,1,0,110853,94559,True,True,True,False,True,True,True,False,Detached house,0.6,CTR,Central Province,Numerica,5200000,"Capital region, services, government",Medium
DHHS2025-00413,STH,Median Urban,Rural,9,1,8,0,21794,18748,True,False,False,False,False,True,False,False,Semi-detached,1.21,STH,Southern Province,Median City,3800000,"Industrial, urban",Large
DHHS2025-00414,NTH,Sigma District,Urban,5,2,3,0,28322,23809,False,False,False,False,False,True,True,False,Single room,1.56,NTH,Northern Province,Polaris,2100000,"Rural, agricultural, mining",Medium
DHHS2025-00415,STH,Median Urban,Urban,4,2,2,0,57216,50976,False,True,True,False,True,True,True,False,Semi-detached,0.85,STH,Southern Province,Median City,3800000,"Industrial, urban",Medium
DHHS2025-00416,CTR,Numerica Urban,Urban,10,1,9,0,78775,81637,True,True,True,True,False,True,True,False,Semi-detached,0.57,CTR,Central Province,Numerica,5200000,"Capital region, services, government",Large
DHHS2025-00417,WST,Deviation District,Rural,5,0,4,1,10708,9666,False,True,True,True,False,False,False,False,Traditional hut,2.46,WST,Western Province,Deviation,1900000,"Semi-arid, livestock",Medium
DHHS2025-00418,EST,Skewness District,Urban,4,1,3,0,55646,44564,True,True,True,False,False,True,False,False,Flat/Apartment,1.2,EST,Eastern Province,Outlier Bay,2500000,"Coastal, fishing, tourism",Medium
DHHS2025-00419,STH,Frequency Plains,Urban,5,3,2,0,57150,54706,True,True,False,True,True,False,False,False,Informal,0.8,STH,Southern Province,Median City,3800000,"Industrial, urban",Medium
DHHS2025-00420,CTR,Range District,Rural,3,1,2,0,29372,28606,False,False,True,True,False,True,False,False,Detached house,0.91,CTR,Central Province,Numerica,5200000,"Capital region, services, government",Medium
DHHS2025-00421,STH,Median Urban,Urban,5,4,1,0,62837,48885,True,True,True,True,True,True,False,False,Informal,0.78,STH,Southern Province,Median City,3800000,"Industrial, urban",Medium
DHHS2025-00422,STH,Distribution District,Urban,4,3,1,0,156019,133534,True,True,True,True,True,True,False,False,Semi-detached,0.76,STH,Southern Province,Median City,3800000,"Industrial, urban",Medium
DHHS2025-00423,EST,Kurtosis Bay,Urban,7,3,3,1,43546,36655,True,True,True,True,True,True,False,False,Flat/Apartment,1.14,EST,Eastern Province,Outlier Bay,2500000,"Coastal, fishing, tourism",Large
DHHS2025-00424,STH,Mode District,Rural,8,5,3,0,22189,18863,True,False,False,True,False,False,True,False,Single room,1.1,STH,Southern Province,Median City,3800000,"Industrial, urban",Large
DHHS2025-00425,CTR,Numerica Peri-Urban,Urban,3,2,1,0,80577,60144,True,True,True,False,True,True,True,False,Semi-detached,0.63,CTR,Central Province,Numerica,5200000,"Capital region, services, government",Medium
DHHS2025-00426,CTR,Numerica Peri-Urban,Urban,5,4,1,0,136394,117163,True,True,True,True,True,True,True,False,Single room,0.63,CTR,Central Province,Numerica,5200000,"Capital region, services, government",Medium
DHHS2025-00427,EST,Percentile District,Urban,7,3,4,0,110560,101082,True,True,True,True,True,True,True,True,Informal,1.23,EST,Eastern Province,Outlier Bay,2500000,"Coastal, fishing, tourism",Large
DHHS2025-00428,STH,Median Urban,Rural,6,4,2,0,45349,38388,True,True,False,False,True,False,False,True,Detached house,1.12,STH,Southern Province,Median City,3800000,"Industrial, urban",Large
DHHS2025-00429,LKS,Estimate District,Urban,11,0,11,0,72496,65607,True,True,True,False,False,True,True,True,Semi-detached,1.02,LKS,Lakeside Province,Port Sample,3000000,"Agriculture, lake fishing",Large
DHHS2025-00430,EST,Skewness District,Urban,6,1,5,0,75664,66711,True,True,True,True,True,True,True,False,Single room,1.25,EST,Eastern Province,Outlier Bay,2500000,"Coastal, fishing, tourism",Large
DHHS2025-00431,CTR,Range District,Urban,4,2,2,0,78799,72360,True,True,True,True,True,True,True,False,Semi-detached,0.65,CTR,Central Province,Numerica,5200000,"Capital region, services, government",Medium
DHHS2025-00432,WST,Confidence District,Rural,2,1,1,0,18424,17470,False,False,True,True,True,False,False,False,Detached house,2.45,WST,Western Province,Deviation,1900000,"Semi-arid, livestock",Small
DHHS2025-00433,LKS,Interval District,Urban,7,2,5,0,57332,55905,True,True,True,True,True,True,True,False,Single room,1.11,LKS,Lakeside Province,Port Sample,3000000,"Agriculture, lake fishing",Large
DHHS2025-00434,CTR,Range District,Urban,6,4,2,0,28751,25661,True,True,True,True,True,False,True,False,Detached house,0.58,CTR,Central Province,Numerica,5200000,"Capital region, services, government",Large
DHHS2025-00435,CTR,Numerica Urban,Urban,6,1,5,0,59714,46016,True,True,False,False,False,True,True,False,Semi-detached,0.62,CTR,Central Province,Numerica,5200000,"Capital region, services, government",Large
DHHS2025-00436,NTH,Sigma District,Rural,5,2,3,0,14605,13919,False,True,False,True,True,True,False,False,Traditional hut,2.41,NTH,Northern Province,Polaris,2100000,"Rural, agricultural, mining",Medium
DHHS2025-00437,EST,Skewness District,Rural,3,1,2,0,64742,58937,True,False,False,True,False,False,False,False,Detached house,1.68,EST,Eastern Province,Outlier Bay,2500000,"Coastal, fishing, tourism",Medium
DHHS2025-00438,EST,Outlier Coastal,Urban,6,1,5,0,74905,65574,True,True,True,False,True,True,True,False,Semi-detached,1.32,EST,Eastern Province,Outlier Bay,2500000,"Coastal, fishing, tourism",Large
DHHS2025-00439,CTR,Numerica Peri-Urban,Urban,4,3,1,0,76618,62662,True,True,True,False,True,True,True,False,Semi-detached,0.59,CTR,Central Province,Numerica,5200000,"Capital region, services, government",Medium
DHHS2025-00440,STH,Distribution District,Urban,5,1,4,0,63540,56702,True,True,True,False,True,True,False,False,Detached house,0.76,STH,Southern Province,Median City,3800000,"Industrial, urban",Medium
DHHS2025-00441,WST,Confidence District,Rural,4,2,2,0,12388,10003,True,False,False,True,True,False,False,False,Traditional hut,2.41,WST,Western Province,Deviation,1900000,"Semi-arid, livestock",Medium
DHHS2025-00442,CTR,Numerica Urban,Urban,2,1,1,0,45027,39550,True,True,True,True,True,True,True,False,Semi-detached,0.61,CTR,Central Province,Numerica,5200000,"Capital region, services, government",Small
DHHS2025-00443,CTR,Numerica Urban,Urban,3,2,1,0,50810,37468,True,True,True,True,False,False,False,False,Informal,0.59,CTR,Central Province,Numerica,5200000,"Capital region, services, government",Medium
DHHS2025-00444,CTR,Numerica Peri-Urban,Urban,5,1,4,0,45813,41545,True,True,True,False,False,False,False,False,Semi-detached,0.57,CTR,Central Province,Numerica,5200000,"Capital region, services, government",Medium
DHHS2025-00445,CTR,Variance District,Urban,4,1,3,0,77198,67254,True,True,True,True,True,True,False,True,Detached house,0.63,CTR,Central Province,Numerica,5200000,"Capital region, services, government",Medium
DHHS2025-00446,CTR,Numerica Peri-Urban,Urban,5,2,3,0,76160,54748,True,True,True,False,True,True,True,False,Single room,0.63,CTR,Central Province,Numerica,5200000,"Capital region, services, government",Medium
DHHS2025-00447,CTR,Numerica Peri-Urban,Rural,4,0,4,0,94458,93076,True,True,True,True,False,True,True,True,Detached house,0.88,CTR,Central Province,Numerica,5200000,"Capital region, services, government",Medium
DHHS2025-00448,LKS,Estimate District,Urban,5,1,4,0,9673,7757,True,False,False,True,False,True,False,False,Detached house,1.1,LKS,Lakeside Province,Port Sample,3000000,"Agriculture, lake fishing",Medium
DHHS2025-00449,NTH,Regression Valley,Rural,4,1,3,0,13297,12723,False,False,True,True,False,True,False,False,Detached house,2.27,NTH,Northern Province,Polaris,2100000,"Rural, agricultural, mining",Medium
DHHS2025-00450,WST,Standard District,Rural,5,4,1,0,6742,5037,True,False,True,False,False,True,True,False,Traditional hut,2.54,WST,Western Province,Deviation,1900000,"Semi-arid, livestock",Medium
DHHS2025-00451,STH,Median Urban,Rural,3,2,1,0,52370,44671,False,True,True,False,False,True,False,True,Detached house,1.28,STH,Southern Province,Median City,3800000,"Industrial, urban",Medium
DHHS2025-00452,CTR,Numerica Urban,Rural,5,0,5,0,19379,16363,False,False,False,False,False,True,False,False,Detached house,0.88,CTR,Central Province,Numerica,5200000,"Capital region, services, government",Medium
DHHS2025-00453,STH,Median Urban,Urban,8,0,8,0,143543,122398,True,True,True,False,True,True,True,True,Single room,0.82,STH,Southern Province,Median City,3800000,"Industrial, urban",Large
DHHS2025-00454,NTH,Polaris District,Rural,7,0,7,0,31618,29541,True,True,True,True,True,True,False,False,Traditional hut,2.42,NTH,Northern Province,Polaris,2100000,"Rural, agricultural, mining",Large
DHHS2025-00455,CTR,Range District,Urban,4,3,1,0,19510,16380,False,False,True,True,True,False,False,False,Single room,0.64,CTR,Central Province,Numerica,5200000,"Capital region, services, government",Medium
DHHS2025-00456,LKS,Estimate District,Rural,4,2,2,0,34608,26077,False,True,False,False,False,False,False,False,Single room,1.62,LKS,Lakeside Province,Port Sample,3000000,"Agriculture, lake fishing",Medium
DHHS2025-00457,LKS,Interval District,Rural,8,0,8,0,57355,43192,True,True,True,False,True,False,True,False,Traditional hut,1.67,LKS,Lakeside Province,Port Sample,3000000,"Agriculture, lake fishing",Large
DHHS2025-00458,STH,Frequency Plains,Urban,6,1,5,0,26311,22566,True,True,False,True,False,True,True,False,Informal,0.86,STH,Southern Province,Median City,3800000,"Industrial, urban",Large
DHHS2025-00459,WST,Standard District,Rural,6,1,5,0,14058,12321,False,False,True,False,False,True,False,False,Detached house,2.42,WST,Western Province,Deviation,1900000,"Semi-arid, livestock",Large
DHHS2025-00460,STH,Mode District,Rural,11,4,7,0,17664,14871,False,True,True,False,False,True,False,False,Traditional hut,1.22,STH,Southern Province,Median City,3800000,"Industrial, urban",Large
DHHS2025-00461,CTR,Range District,Rural,7,0,7,0,52548,45163,True,True,True,True,True,False,False,False,Detached house,0.9,CTR,Central Province,Numerica,5200000,"Capital region, services, government",Large
DHHS2025-00462,CTR,Numerica Urban,Rural,8,2,6,0,18531,16283,True,True,True,True,False,True,False,False,Detached house,0.97,CTR,Central Province,Numerica,5200000,"Capital region, services, government",Large
DHHS2025-00463,STH,Distribution District,Rural,9,1,8,0,61941,53516,True,True,True,True,False,True,False,False,Detached house,1.29,STH,Southern Province,Median City,3800000,"Industrial, urban",Large
DHHS2025-00464,LKS,Interval District,Rural,6,2,4,0,21593,16554,False,False,True,True,False,False,False,False,Semi-detached,1.63,LKS,Lakeside Province,Port Sample,3000000,"Agriculture, lake fishing",Large
DHHS2025-00465,STH,Distribution District,Urban,8,0,8,0,90040,74896,True,True,True,True,True,True,False,False,Flat/Apartment,0.77,STH,Southern Province,Median City,3800000,"Industrial, urban",Large
DHHS2025-00466,STH,Distribution District,Rural,5,1,4,0,24107,20005,True,False,False,True,True,True,True,False,Traditional hut,1.34,STH,Southern Province,Median City,3800000,"Industrial, urban",Medium
DHHS2025-00467,EST,Kurtosis Bay,Urban,6,2,4,0,64292,49810,True,False,True,True,False,True,False,False,Semi-detached,1.32,EST,Eastern Province,Outlier Bay,2500000,"Coastal, fishing, tourism",Large
DHHS2025-00468,EST,Kurtosis Bay,Rural,3,0,3,0,31931,27465,False,False,False,True,False,True,False,False,Traditional hut,1.8,EST,Eastern Province,Outlier Bay,2500000,"Coastal, fishing, tourism",Medium
DHHS2025-00469,LKS,Port Sample District,Urban,3,0,3,0,60038,46616,True,False,True,True,True,True,False,False,Semi-detached,1.0,LKS,Lakeside Province,Port Sample,3000000,"Agriculture, lake fishing",Medium
DHHS2025-00470,EST,Outlier Coastal,Rural,5,1,4,0,36891,35589,True,True,False,True,True,False,False,False,Detached house,1.82,EST,Eastern Province,Outlier Bay,2500000,"Coastal, fishing, tourism",Medium
DHHS2025-00471,STH,Mode District,Rural,8,1,7,0,16764,12171,True,False,False,True,False,False,False,False,Traditional hut,1.3,STH,Southern Province,Median City,3800000,"Industrial, urban",Large
DHHS2025-00472,LKS,Estimate District,Urban,4,1,3,0,35274,34113,True,True,True,True,False,True,False,False,Detached house,0.99,LKS,Lakeside Province,Port Sample,3000000,"Agriculture, lake fishing",Medium
DHHS2025-00473,STH,Median Urban,Rural,7,1,5,1,21700,19443,False,False,True,True,False,False,False,False,Traditional hut,1.21,STH,Southern Province,Median City,3800000,"Industrial, urban",Large
DHHS2025-00474,CTR,Numerica Urban,Urban,8,0,7,1,71602,72198,True,True,True,True,True,True,True,False,Flat/Apartment,0.6,CTR,Central Province,Numerica,5200000,"Capital region, services, government",Large
DHHS2025-00475,EST,Kurtosis Bay,Urban,6,0,6,0,61238,56091,True,True,True,False,True,False,True,False,Single room,1.16,EST,Eastern Province,Outlier Bay,2500000,"Coastal, fishing, tourism",Large
DHHS2025-00476,EST,Kurtosis Bay,Rural,3,1,2,0,15195,13247,False,True,False,True,True,False,False,False,Detached house,1.69,EST,Eastern Province,Outlier Bay,2500000,"Coastal, fishing, tourism",Medium
DHHS2025-00477,NTH,Polaris District,Rural,7,3,4,0,36834,30983,False,True,True,True,True,False,False,False,Traditional hut,2.13,NTH,Northern Province,Polaris,2100000,"Rural, agricultural, mining",Large
DHHS2025-00478,WST,Confidence District,Rural,6,0,6,0,52483,43593,False,True,True,False,False,True,False,False,Traditional hut,2.22,WST,Western Province,Deviation,1900000,"Semi-arid, livestock",Large
DHHS2025-00479,EST,Percentile District,Rural,4,0,4,0,40768,35316,True,True,False,True,False,True,False,False,Single room,1.86,EST,Eastern Province,Outlier Bay,2500000,"Coastal, fishing, tourism",Medium
DHHS2025-00480,CTR,Numerica Peri-Urban,Urban,4,2,2,0,32185,29039,True,True,True,True,True,True,False,False,Flat/Apartment,0.57,CTR,Central Province,Numerica,5200000,"Capital region, services, government",Medium
DHHS2025-00481,CTR,Range District,Urban,7,0,7,0,58164,49902,True,True,True,True,True,True,False,False,Informal,0.6,CTR,Central Province,Numerica,5200000,"Capital region, services, government",Large
DHHS2025-00482,WST,Error Margin,Urban,5,0,5,0,68820,57624,True,True,True,False,True,True,False,True,Informal,1.46,WST,Western Province,Deviation,1900000,"Semi-arid, livestock",Medium
DHHS2025-00483,STH,Median Urban,Urban,5,3,2,0,36361,32462,True,True,True,True,True,True,False,False,Detached house,0.85,STH,Southern Province,Median City,3800000,"Industrial, urban",Medium
DHHS2025-00484,CTR,Numerica Urban,Urban,7,0,7,0,61474,44272,True,True,True,True,True,True,False,True,Semi-detached,0.63,CTR,Central Province,Numerica,5200000,"Capital region, services, government",Large
DHHS2025-00485,CTR,Variance District,Urban,3,2,1,0,58402,50057,False,True,True,True,True,True,True,False,Single room,0.6,CTR,Central Province,Numerica,5200000,"Capital region, services, government",Medium
DHHS2025-00486,CTR,Range District,Rural,5,3,2,0,49822,37274,False,True,True,True,True,True,True,False,Traditional hut,0.88,CTR,Central Province,Numerica,5200000,"Capital region, services, government",Medium
DHHS2025-00487,CTR,Variance District,Rural,7,2,5,0,42031,36603,True,False,False,False,True,False,False,True,Detached house,0.84,CTR,Central Province,Numerica,5200000,"Capital region, services, government",Large
DHHS2025-00488,CTR,Variance District,Rural,5,1,4,0,47984,39536,False,True,False,True,True,True,False,True,Detached house,0.94,CTR,Central Province,Numerica,5200000,"Capital region, services, government",Medium
DHHS2025-00489,CTR,Variance District,Rural,4,0,4,0,42930,40340,True,True,False,True,False,True,False,False,Detached house,0.88,CTR,Central Province,Numerica,5200000,"Capital region, services, government",Medium
DHHS2025-00490,STH,Median Urban,Rural,4,1,3,0,63102,61447,True,True,True,True,True,True,True,False,Detached house,1.29,STH,Southern Province,Median City,3800000,"Industrial, urban",Medium
DHHS2025-00491,LKS,Estimate District,Urban,11,1,10,0,12917,9913,False,True,True,True,True,False,False,False,Detached house,0.93,LKS,Lakeside Province,Port Sample,3000000,"Agriculture, lake fishing",Large
DHHS2025-00492,WST,Error Margin,Rural,3,1,2,0,46919,43328,True,True,True,True,True,True,False,False,Detached house,2.38,WST,Western Province,Deviation,1900000,"Semi-arid, livestock",Medium
DHHS2025-00493,NTH,Correlation Hills,Rural,7,2,5,0,9554,8761,True,False,False,False,False,True,False,False,Traditional hut,2.13,NTH,Northern Province,Polaris,2100000,"Rural, agricultural, mining",Large
DHHS2025-00494,EST,Outlier Coastal,Rural,3,0,3,0,51008,44149,False,True,True,True,False,False,False,False,Semi-detached,1.74,EST,Eastern Province,Outlier Bay,2500000,"Coastal, fishing, tourism",Medium
DHHS2025-00495,STH,Mode District,Urban,5,2,3,0,88881,75699,True,True,True,True,True,True,False,False,Single room,0.78,STH,Southern Province,Median City,3800000,"Industrial, urban",Medium
DHHS2025-00496,EST,Outlier Coastal,Rural,6,4,1,1,110285,101516,True,True,True,True,True,True,False,False,Traditional hut,1.98,EST,Eastern Province,Outlier Bay,2500000,"Coastal, fishing, tourism",Large
DHHS2025-00497,LKS,Interval District,Urban,5,2,3,0,39276,35180,True,True,False,False,True,True,False,False,Detached house,1.08,LKS,Lakeside Province,Port Sample,3000000,"Agriculture, lake fishing",Medium
DHHS2025-00498,STH,Distribution District,Rural,3,2,1,0,33270,29577,True,False,True,True,False,True,False,False,Semi-detached,1.3,STH,Southern Province,Median City,3800000,"Industrial, urban",Medium
DHHS2025-00499,CTR,Numerica Urban,Rural,11,3,8,0,28732,28184,True,False,False,False,False,True,False,False,Detached house,0.92,CTR,Central Province,Numerica,5200000,"Capital region, services, government",Large
DHHS2025-00500,STH,Frequency Plains,Rural,3,2,1,0,151089,136250,True,True,True,True,True,True,False,False,Traditional hut,1.18,STH,Southern Province,Median City,3800000,"Industrial, urban",Medium
DHHS2025-00501,LKS,Interval District,Rural,6,3,3,0,30905,25921,False,False,True,True,True,True,False,False,Detached house,1.46,LKS,Lakeside Province,Port Sample,3000000,"Agriculture, lake fishing",Large
DHHS2025-00502,EST,Outlier Coastal,Urban,4,0,4,0,106683,76905,True,True,True,False,True,True,True,False,Single room,1.27,EST,Eastern Province,Outlier Bay,2500000,"Coastal, fishing, tourism",Medium
DHHS2025-00503,STH,Distribution District,Urban,7,3,4,0,59814,47158,True,True,True,True,True,True,False,False,Informal,0.74,STH,Southern Province,Median City,3800000,"Industrial, urban",Large
DHHS2025-00504,NTH,Correlation Hills,Rural,5,1,2,2,10889,8849,False,True,False,False,False,True,True,False,Detached house,2.31,NTH,Northern Province,Polaris,2100000,"Rural, agricultural, mining",Medium
DHHS2025-00505,STH,Mode District,Urban,8,1,7,0,20174,16080,True,False,False,True,False,True,False,False,Single room,0.74,STH,Southern Province,Median City,3800000,"Industrial, urban",Large
DHHS2025-00506,STH,Mode District,Rural,6,1,5,0,56431,48032,True,True,True,True,False,True,False,True,Semi-detached,1.11,STH,Southern Province,Median City,3800000,"Industrial, urban",Large
DHHS2025-00507,EST,Skewness District,Urban,7,0,7,0,35556,35232,True,True,True,True,False,True,True,False,Detached house,1.12,EST,Eastern Province,Outlier Bay,2500000,"Coastal, fishing, tourism",Large
DHHS2025-00508,EST,Outlier Coastal,Rural,5,1,4,0,31825,27842,True,True,False,False,False,False,True,False,Detached house,1.8,EST,Eastern Province,Outlier Bay,2500000,"Coastal, fishing, tourism",Medium
DHHS2025-00509,WST,Confidence District,Rural,6,1,5,0,6782,6138,False,True,False,True,False,True,False,False,Traditional hut,2.44,WST,Western Province,Deviation,1900000,"Semi-arid, livestock",Large
DHHS2025-00510,LKS,Interval District,Rural,6,0,6,0,25095,18523,False,True,False,True,True,True,False,False,Detached house,1.55,LKS,Lakeside Province,Port Sample,3000000,"Agriculture, lake fishing",Large
DHHS2025-00511,CTR,Numerica Urban,Rural,7,6,1,0,16672,13983,False,True,False,True,False,True,False,False,Semi-detached,0.83,CTR,Central Province,Numerica,5200000,"Capital region, services, government",Large
DHHS2025-00512,STH,Distribution District,Urban,3,0,3,0,78408,68770,True,True,True,True,True,True,False,False,Flat/Apartment,0.86,STH,Southern Province,Median City,3800000,"Industrial, urban",Medium
DHHS2025-00513,EST,Percentile District,Rural,6,3,3,0,85787,78040,True,True,False,True,False,True,True,False,Semi-detached,1.98,EST,Eastern Province,Outlier Bay,2500000,"Coastal, fishing, tourism",Large
DHHS2025-00514,EST,Kurtosis Bay,Urban,3,0,3,0,43876,38042,True,True,True,False,False,True,False,False,Detached house,1.34,EST,Eastern Province,Outlier Bay,2500000,"Coastal, fishing, tourism",Medium
DHHS2025-00515,WST,Error Margin,Rural,5,0,4,1,27014,24870,False,True,True,False,False,True,False,False,Traditional hut,2.56,WST,Western Province,Deviation,1900000,"Semi-arid, livestock",Medium
DHHS2025-00516,LKS,Port Sample District,Rural,4,3,1,0,77040,66238,True,True,False,False,True,True,True,False,Detached house,1.43,LKS,Lakeside Province,Port Sample,3000000,"Agriculture, lake fishing",Medium
DHHS2025-00517,NTH,Polaris District,Urban,10,1,9,0,21718,16008,True,True,True,True,False,False,False,False,Semi-detached,1.33,NTH,Northern Province,Polaris,2100000,"Rural, agricultural, mining",Large
DHHS2025-00518,EST,Outlier Coastal,Urban,3,2,1,0,12546,10912,False,True,True,True,False,True,False,False,Informal,1.16,EST,Eastern Province,Outlier Bay,2500000,"Coastal, fishing, tourism",Medium
DHHS2025-00519,CTR,Numerica Peri-Urban,Rural,5,2,3,0,45790,38037,True,False,True,True,True,False,False,True,Detached house,0.87,CTR,Central Province,Numerica,5200000,"Capital region, services, government",Medium
DHHS2025-00520,EST,Percentile District,Urban,2,1,1,0,40187,39532,True,False,True,False,False,True,False,False,Detached house,1.11,EST,Eastern Province,Outlier Bay,2500000,"Coastal, fishing, tourism",Small
DHHS2025-00521,WST,Error Margin,Rural,2,1,1,0,20791,17365,True,False,True,False,True,False,False,False,Single room,2.45,WST,Western Province,Deviation,1900000,"Semi-arid, livestock",Small
DHHS2025-00522,EST,Outlier Coastal,Urban,5,3,2,0,53517,51654,True,False,True,True,True,False,False,False,Flat/Apartment,1.31,EST,Eastern Province,Outlier Bay,2500000,"Coastal, fishing, tourism",Medium
DHHS2025-00523,EST,Skewness District,Urban,4,0,4,0,23961,20936,True,True,True,True,False,False,False,False,Detached house,1.27,EST,Eastern Province,Outlier Bay,2500000,"Coastal, fishing, tourism",Medium
DHHS2025-00524,STH,Distribution District,Rural,5,2,2,1,28282,19681,True,False,False,True,False,True,False,False,Traditional hut,1.26,STH,Southern Province,Median City,3800000,"Industrial, urban",Medium
DHHS2025-00525,CTR,Variance District,Urban,11,1,10,0,37154,33061,False,True,False,True,False,True,True,False,Informal,0.64,CTR,Central Province,Numerica,5200000,"Capital region, services, government",Large
DHHS2025-00526,LKS,Interval District,Rural,5,1,4,0,23150,18645,True,True,True,True,True,False,False,True,Detached house,1.59,LKS,Lakeside Province,Port Sample,3000000,"Agriculture, lake fishing",Medium
DHHS2025-00527,LKS,Estimate District,Rural,4,2,2,0,13179,11967,False,True,False,True,False,False,False,False,Detached house,1.41,LKS,Lakeside Province,Port Sample,3000000,"Agriculture, lake fishing",Medium
DHHS2025-00528,LKS,Interval District,Rural,5,1,4,0,11448,8055,False,True,False,True,True,True,False,False,Single room,1.47,LKS,Lakeside Province,Port Sample,3000000,"Agriculture, lake fishing",Medium
DHHS2025-00529,CTR,Numerica Urban,Urban,2,0,2,0,55055,44918,True,True,True,True,True,True,False,False,Detached house,0.55,CTR,Central Province,Numerica,5200000,"Capital region, services, government",Small
DHHS2025-00530,LKS,Interval District,Urban,5,1,4,0,81923,58481,True,True,True,True,False,True,False,False,Informal,1.07,LKS,Lakeside Province,Port Sample,3000000,"Agriculture, lake fishing",Medium
DHHS2025-00531,STH,Distribution District,Rural,10,1,9,0,49348,44480,True,True,True,True,False,True,True,False,Detached house,1.25,STH,Southern Province,Median City,3800000,"Industrial, urban",Large
DHHS2025-00532,EST,Percentile District,Rural,6,2,4,0,37964,33759,True,True,False,True,True,True,False,False,Detached house,1.74,EST,Eastern Province,Outlier Bay,2500000,"Coastal, fishing, tourism",Large
DHHS2025-00533,LKS,Parameter District,Rural,1,0,1,0,14060,11412,False,False,False,True,False,True,False,True,Detached house,1.54,LKS,Lakeside Province,Port Sample,3000000,"Agriculture, lake fishing",Small
DHHS2025-00534,EST,Outlier Coastal,Urban,7,4,3,0,39229,34450,True,False,True,True,False,True,False,False,Flat/Apartment,1.25,EST,Eastern Province,Outlier Bay,2500000,"Coastal, fishing, tourism",Large
DHHS2025-00535,CTR,Numerica Urban,Urban,2,1,1,0,128884,95912,True,True,True,False,True,True,False,False,Informal,0.54,CTR,Central Province,Numerica,5200000,"Capital region, services, government",Small
DHHS2025-00536,CTR,Numerica Urban,Urban,6,1,5,0,50572,51436,True,True,True,True,False,True,True,True,Detached house,0.57,CTR,Central Province,Numerica,5200000,"Capital region, services, government",Large
DHHS2025-00537,WST,Deviation District,Rural,3,2,1,0,18158,14698,True,True,False,True,False,True,False,False,Single room,2.32,WST,Western Province,Deviation,1900000,"Semi-arid, livestock",Medium
DHHS2025-00538,NTH,Regression Valley,Urban,3,2,1,0,101975,96396,True,True,True,True,True,True,False,False,Informal,1.6,NTH,Northern Province,Polaris,2100000,"Rural, agricultural, mining",Medium
DHHS2025-00539,STH,Frequency Plains,Urban,6,0,6,0,92445,73131,True,True,True,True,True,True,True,True,Single room,0.76,STH,Southern Province,Median City,3800000,"Industrial, urban",Large
DHHS2025-00540,STH,Mode District,Urban,6,2,4,0,155384,133729,True,True,True,False,True,True,True,False,Flat/Apartment,0.75,STH,Southern Province,Median City,3800000,"Industrial, urban",Large
DHHS2025-00541,STH,Frequency Plains,Rural,1,0,1,0,18503,18873,False,True,True,True,False,True,False,False,Detached house,1.32,STH,Southern Province,Median City,3800000,"Industrial, urban",Small
DHHS2025-00542,LKS,Estimate District,Rural,7,0,7,0,44346,41537,True,False,False,True,False,True,False,False,Traditional hut,1.65,LKS,Lakeside Province,Port Sample,3000000,"Agriculture, lake fishing",Large
DHHS2025-00543,STH,Frequency Plains,Rural,4,2,2,0,61194,53724,False,True,True,False,True,True,False,False,Traditional hut,1.2,STH,Southern Province,Median City,3800000,"Industrial, urban",Medium
DHHS2025-00544,NTH,Sigma District,Urban,7,3,4,0,28605,25201,True,True,False,True,False,True,False,False,Single room,1.53,NTH,Northern Province,Polaris,2100000,"Rural, agricultural, mining",Large
DHHS2025-00545,CTR,Range District,Urban,7,1,6,0,60696,51378,True,True,True,False,True,True,True,False,Flat/Apartment,0.61,CTR,Central Province,Numerica,5200000,"Capital region, services, government",Large
DHHS2025-00546,CTR,Numerica Peri-Urban,Urban,8,2,6,0,46305,36651,True,True,True,True,False,True,False,False,Detached house,0.58,CTR,Central Province,Numerica,5200000,"Capital region, services, government",Large
DHHS2025-00547,LKS,Estimate District,Rural,4,2,2,0,58347,57037,True,False,True,False,False,True,True,True,Detached house,1.57,LKS,Lakeside Province,Port Sample,3000000,"Agriculture, lake fishing",Medium
DHHS2025-00548,STH,Mode District,Rural,3,2,1,0,111184,91412,True,True,True,False,True,True,True,True,Detached house,1.13,STH,Southern Province,Median City,3800000,"Industrial, urban",Medium
DHHS2025-00549,WST,Error Margin,Rural,3,2,1,0,23012,20286,True,True,True,True,True,False,False,False,Detached house,2.64,WST,Western Province,Deviation,1900000,"Semi-arid, livestock",Medium
DHHS2025-00550,CTR,Variance District,Urban,3,2,1,0,44777,39528,True,True,True,True,True,False,False,False,Single room,0.59,CTR,Central Province,Numerica,5200000,"Capital region, services, government",Medium
DHHS2025-00551,NTH,Polaris District,Rural,6,0,6,0,80138,68651,True,True,True,False,True,True,True,True,Semi-detached,2.06,NTH,Northern Province,Polaris,2100000,"Rural, agricultural, mining",Large
DHHS2025-00552,CTR,Numerica Peri-Urban,Urban,7,3,4,0,63388,60473,True,True,True,False,True,True,True,False,Semi-detached,0.62,CTR,Central Province,Numerica,5200000,"Capital region, services, government",Large
DHHS2025-00553,EST,Percentile District,Urban,4,3,1,0,54116,44194,True,True,True,True,True,False,False,False,Flat/Apartment,1.27,EST,Eastern Province,Outlier Bay,2500000,"Coastal, fishing, tourism",Medium
DHHS2025-00554,STH,Mode District,Urban,9,1,8,0,46529,38038,True,True,False,True,False,True,True,False,Informal,0.87,STH,Southern Province,Median City,3800000,"Industrial, urban",Large
DHHS2025-00555,STH,Distribution District,Rural,2,0,2,0,24226,20802,True,False,False,False,False,True,False,False,Traditional hut,1.25,STH,Southern Province,Median City,3800000,"Industrial, urban",Small
DHHS2025-00556,STH,Distribution District,Urban,2,1,1,0,13162,12241,True,True,True,False,False,False,False,True,Semi-detached,0.83,STH,Southern Province,Median City,3800000,"Industrial, urban",Small
DHHS2025-00557,EST,Percentile District,Rural,3,1,1,1,100417,84009,True,True,True,False,True,True,True,False,Detached house,1.92,EST,Eastern Province,Outlier Bay,2500000,"Coastal, fishing, tourism",Medium
DHHS2025-00558,CTR,Numerica Peri-Urban,Rural,4,1,3,0,41229,29901,True,True,True,False,False,False,False,False,Detached house,0.92,CTR,Central Province,Numerica,5200000,"Capital region, services, government",Medium
DHHS2025-00559,EST,Outlier Coastal,Urban,3,0,2,1,24011,17876,False,False,False,False,True,False,False,False,Informal,1.2,EST,Eastern Province,Outlier Bay,2500000,"Coastal, fishing, tourism",Medium
DHHS2025-00560,EST,Outlier Coastal,Urban,8,1,7,0,39156,33873,True,True,True,True,False,True,False,False,Single room,1.27,EST,Eastern Province,Outlier Bay,2500000,"Coastal, fishing, tourism",Large
DHHS2025-00561,CTR,Range District,Urban,3,0,3,0,101977,86915,True,True,True,True,True,True,True,True,Flat/Apartment,0.56,CTR,Central Province,Numerica,5200000,"Capital region, services, government",Medium
DHHS2025-00562,STH,Mode District,Urban,9,2,7,0,111400,82663,True,True,True,False,True,True,False,False,Flat/Apartment,0.78,STH,Southern Province,Median City,3800000,"Industrial, urban",Large
DHHS2025-00563,STH,Mode District,Urban,6,3,2,1,47916,36610,True,True,True,True,False,True,False,False,Informal,0.77,STH,Southern Province,Median City,3800000,"Industrial, urban",Large
DHHS2025-00564,NTH,Sigma District,Rural,5,3,2,0,22985,19641,True,True,True,True,False,False,False,False,Traditional hut,2.41,NTH,Northern Province,Polaris,2100000,"Rural, agricultural, mining",Medium
DHHS2025-00565,STH,Mode District,Rural,6,1,5,0,28727,19701,True,True,False,True,False,True,False,False,Semi-detached,1.13,STH,Southern Province,Median City,3800000,"Industrial, urban",Large
DHHS2025-00566,LKS,Interval District,Rural,5,1,4,0,16144,15900,False,False,False,True,False,True,False,False,Traditional hut,1.49,LKS,Lakeside Province,Port Sample,3000000,"Agriculture, lake fishing",Medium
DHHS2025-00567,LKS,Port Sample District,Urban,5,1,4,0,106469,95793,True,True,True,True,True,True,True,False,Informal,1.01,LKS,Lakeside Province,Port Sample,3000000,"Agriculture, lake fishing",Medium
DHHS2025-00568,EST,Skewness District,Urban,2,1,1,0,37151,28450,True,False,False,True,True,False,False,False,Detached house,1.19,EST,Eastern Province,Outlier Bay,2500000,"Coastal, fishing, tourism",Small
DHHS2025-00569,STH,Median Urban,Urban,9,2,7,0,18787,16274,True,False,True,True,False,True,False,False,Informal,0.88,STH,Southern Province,Median City,3800000,"Industrial, urban",Large
DHHS2025-00570,CTR,Variance District,Urban,10,1,9,0,65019,51700,True,False,True,True,True,True,False,False,Detached house,0.53,CTR,Central Province,Numerica,5200000,"Capital region, services, government",Large
DHHS2025-00571,STH,Mode District,Urban,6,3,3,0,63085,53422,True,True,True,False,True,True,False,False,Single room,0.75,STH,Southern Province,Median City,3800000,"Industrial, urban",Large
DHHS2025-00572,STH,Mode District,Urban,8,2,6,0,86913,80446,True,True,True,False,False,True,False,False,Single room,0.77,STH,Southern Province,Median City,3800000,"Industrial, urban",Large
DHHS2025-00573,WST,Confidence District,Rural,10,2,8,0,8340,8050,True,True,False,False,True,False,False,False,Detached house,2.3,WST,Western Province,Deviation,1900000,"Semi-arid, livestock",Large
DHHS2025-00574,LKS,Port Sample District,Rural,3,2,1,0,35792,31067,True,False,False,True,True,True,False,False,Traditional hut,1.57,LKS,Lakeside Province,Port Sample,3000000,"Agriculture, lake fishing",Medium
DHHS2025-00575,CTR,Numerica Urban,Urban,6,0,6,0,71281,61016,True,True,True,True,True,True,True,True,Semi-detached,0.61,CTR,Central Province,Numerica,5200000,"Capital region, services, government",Large
DHHS2025-00576,STH,Distribution District,Urban,2,1,1,0,47945,41286,False,True,True,False,False,True,False,False,Flat/Apartment,0.83,STH,Southern Province,Median City,3800000,"Industrial, urban",Small
DHHS2025-00577,WST,Confidence District,Rural,4,0,4,0,24577,21178,True,True,False,True,True,False,False,False,Detached house,2.5,WST,Western Province,Deviation,1900000,"Semi-arid, livestock",Medium
DHHS2025-00578,CTR,Range District,Rural,6,0,5,1,54499,44851,True,True,False,True,False,True,False,False,Traditional hut,0.81,CTR,Central Province,Numerica,5200000,"Capital region, services, government",Large
DHHS2025-00579,WST,Confidence District,Urban,1,0,1,0,23355,17017,True,False,False,True,False,True,False,False,Semi-detached,1.6,WST,Western Province,Deviation,1900000,"Semi-arid, livestock",Small
DHHS2025-00580,CTR,Numerica Urban,Urban,4,3,1,0,39117,34123,False,True,True,False,True,True,False,False,Single room,0.63,CTR,Central Province,Numerica,5200000,"Capital region, services, government",Medium
DHHS2025-00581,CTR,Numerica Urban,Urban,4,2,2,0,56830,57278,True,True,True,False,True,True,True,False,Detached house,0.62,CTR,Central Province,Numerica,5200000,"Capital region, services, government",Medium
DHHS2025-00582,EST,Kurtosis Bay,Rural,3,2,1,0,27171,22263,False,True,False,True,False,True,False,False,Traditional hut,1.96,EST,Eastern Province,Outlier Bay,2500000,"Coastal, fishing, tourism",Medium
DHHS2025-00583,WST,Standard District,Rural,4,3,1,0,47397,43116,True,False,False,True,False,True,False,False,Semi-detached,2.45,WST,Western Province,Deviation,1900000,"Semi-arid, livestock",Medium
DHHS2025-00584,EST,Percentile District,Urban,7,2,5,0,41810,35231,False,False,True,True,True,True,True,True,Detached house,1.33,EST,Eastern Province,Outlier Bay,2500000,"Coastal, fishing, tourism",Large
DHHS2025-00585,STH,Frequency Plains,Urban,3,1,2,0,64363,49256,True,True,True,True,True,True,False,False,Single room,0.75,STH,Southern Province,Median City,3800000,"Industrial, urban",Medium
DHHS2025-00586,LKS,Port Sample District,Urban,4,1,3,0,13863,12614,True,True,True,True,True,False,False,False,Detached house,1.08,LKS,Lakeside Province,Port Sample,3000000,"Agriculture, lake fishing",Medium
DHHS2025-00587,STH,Median Urban,Rural,3,0,2,1,114742,113736,True,True,True,True,True,True,False,False,Detached house,1.27,STH,Southern Province,Median City,3800000,"Industrial, urban",Medium
DHHS2025-00588,WST,Deviation District,Urban,2,1,1,0,27835,22606,False,True,False,True,True,True,True,False,Flat/Apartment,1.77,WST,Western Province,Deviation,1900000,"Semi-arid, livestock",Small
DHHS2025-00589,CTR,Numerica Peri-Urban,Urban,6,1,5,0,39331,38352,True,True,False,True,False,True,True,False,Semi-detached,0.57,CTR,Central Province,Numerica,5200000,"Capital region, services, government",Large
DHHS2025-00590,WST,Confidence District,Rural,7,2,4,1,37165,30534,True,False,True,True,False,False,False,False,Detached house,2.48,WST,Western Province,Deviation,1900000,"Semi-arid, livestock",Large
DHHS2025-00591,NTH,Polaris District,Urban,5,1,4,0,38267,26711,True,False,False,True,True,True,True,False,Semi-detached,1.58,NTH,Northern Province,Polaris,2100000,"Rural, agricultural, mining",Medium
DHHS2025-00592,CTR,Variance District,Urban,5,0,5,0,49019,39565,True,True,True,True,False,True,False,False,Detached house,0.6,CTR,Central Province,Numerica,5200000,"Capital region, services, government",Medium
DHHS2025-00593,CTR,Variance District,Rural,3,1,2,0,20110,16723,False,False,False,False,True,False,True,False,Traditional hut,0.87,CTR,Central Province,Numerica,5200000,"Capital region, services, government",Medium
DHHS2025-00594,STH,Median Urban,Rural,3,1,2,0,23094,22570,False,True,True,False,True,False,False,False,Semi-detached,1.19,STH,Southern Province,Median City,3800000,"Industrial, urban",Medium
DHHS2025-00595,CTR,Range District,Urban,5,0,5,0,71379,53750,True,True,True,True,True,True,True,False,Flat/Apartment,0.61,CTR,Central Province,Numerica,5200000,"Capital region, services, government",Medium
DHHS2025-00596,EST,Outlier Coastal,Urban,1,0,1,0,28850,23264,False,False,True,False,False,True,False,False,Informal,1.28,EST,Eastern Province,Outlier Bay,2500000,"Coastal, fishing, tourism",Small
DHHS2025-00597,STH,Mode District,Urban,7,2,5,0,25591,25481,True,False,False,True,False,False,False,False,Semi-detached,0.77,STH,Southern Province,Median City,3800000,"Industrial, urban",Large
DHHS2025-00598,LKS,Parameter District,Rural,2,1,1,0,41039,34706,True,True,True,True,True,True,False,False,Semi-detached,1.59,LKS,Lakeside Province,Port Sample,3000000,"Agriculture, lake fishing",Small
DHHS2025-00599,STH,Median Urban,Urban,3,2,1,0,101584,87898,True,True,True,True,True,True,True,False,Semi-detached,0.75,STH,Southern Province,Median City,3800000,"Industrial, urban",Medium
DHHS2025-00600,LKS,Port Sample District,Urban,7,4,3,0,75334,62577,True,True,True,True,True,True,True,False,Detached house,1.12,LKS,Lakeside Province,Port Sample,3000000,"Agriculture, lake fishing",Large
DHHS2025-00601,NTH,Regression Valley,Rural,6,1,5,0,51609,43297,False,True,True,True,False,True,False,False,Traditional hut,2.32,NTH,Northern Province,Polaris,2100000,"Rural, agricultural, mining",Large
DHHS2025-00602,LKS,Estimate District,Urban,3,2,1,0,14233,11640,True,False,True,False,True,True,True,False,Semi-detached,0.97,LKS,Lakeside Province,Port Sample,3000000,"Agriculture, lake fishing",Medium
DHHS2025-00603,LKS,Port Sample District,Rural,6,0,6,0,28138,21596,False,True,False,True,False,True,False,False,Traditional hut,1.39,LKS,Lakeside Province,Port Sample,3000000,"Agriculture, lake fishing",Large
DHHS2025-00604,CTR,Variance District,Urban,3,2,1,0,104876,83609,True,True,True,True,True,True,True,False,Flat/Apartment,0.55,CTR,Central Province,Numerica,5200000,"Capital region, services, government",Medium
DHHS2025-00605,CTR,Variance District,Urban,5,4,1,0,41800,35438,True,True,True,True,False,True,True,False,Detached house,0.63,CTR,Central Province,Numerica,5200000,"Capital region, services, government",Medium
DHHS2025-00606,STH,Distribution District,Urban,5,1,4,0,113823,98730,True,True,True,False,True,True,False,False,Semi-detached,0.75,STH,Southern Province,Median City,3800000,"Industrial, urban",Medium
DHHS2025-00607,EST,Percentile District,Rural,4,2,2,0,27174,22827,False,False,False,True,False,True,False,False,Detached house,1.88,EST,Eastern Province,Outlier Bay,2500000,"Coastal, fishing, tourism",Medium
DHHS2025-00608,WST,Error Margin,Rural,3,2,1,0,52530,46507,True,False,True,True,True,False,True,False,Traditional hut,2.52,WST,Western Province,Deviation,1900000,"Semi-arid, livestock",Medium
DHHS2025-00609,LKS,Estimate District,Rural,7,1,6,0,15807,12779,False,True,False,False,True,True,False,False,Traditional hut,1.44,LKS,Lakeside Province,Port Sample,3000000,"Agriculture, lake fishing",Large
DHHS2025-00610,CTR,Numerica Urban,Urban,7,3,3,1,22569,19773,False,True,False,True,False,True,False,False,Informal,0.55,CTR,Central Province,Numerica,5200000,"Capital region, services, government",Large
DHHS2025-00611,NTH,Regression Valley,Rural,5,4,1,0,17891,15253,False,True,True,False,True,True,False,False,Traditional hut,2.41,NTH,Northern Province,Polaris,2100000,"Rural, agricultural, mining",Medium
DHHS2025-00612,CTR,Range District,Urban,5,4,1,0,60204,43892,True,True,True,True,False,True,False,False,Single room,0.63,CTR,Central Province,Numerica,5200000,"Capital region, services, government",Medium
DHHS2025-00613,EST,Outlier Coastal,Urban,4,0,4,0,36402,30414,True,True,False,True,False,True,False,False,Semi-detached,1.31,EST,Eastern Province,Outlier Bay,2500000,"Coastal, fishing, tourism",Medium
DHHS2025-00614,CTR,Numerica Peri-Urban,Rural,5,2,1,2,73478,56401,True,False,True,True,True,True,False,False,Detached house,0.83,CTR,Central Province,Numerica,5200000,"Capital region, services, government",Medium
DHHS2025-00615,CTR,Numerica Urban,Urban,5,1,4,0,137699,116810,True,True,True,True,True,True,True,False,Single room,0.63,CTR,Central Province,Numerica,5200000,"Capital region, services, government",Medium
DHHS2025-00616,CTR,Variance District,Urban,3,1,2,0,55432,53991,True,True,False,True,True,True,False,False,Semi-detached,0.64,CTR,Central Province,Numerica,5200000,"Capital region, services, government",Medium
DHHS2025-00617,WST,Deviation District,Rural,5,1,4,0,103863,83350,True,True,True,True,True,True,True,False,Semi-detached,2.44,WST,Western Province,Deviation,1900000,"Semi-arid, livestock",Medium
DHHS2025-00618,STH,Median Urban,Urban,3,1,2,0,15999,13628,True,True,False,True,True,False,False,False,Informal,0.85,STH,Southern Province,Median City,3800000,"Industrial, urban",Medium
DHHS2025-00619,NTH,Polaris District,Rural,6,0,6,0,16648,13758,False,False,True,True,False,True,True,False,Detached house,2.23,NTH,Northern Province,Polaris,2100000,"Rural, agricultural, mining",Large
DHHS2025-00620,CTR,Variance District,Urban,5,1,4,0,67474,60520,True,True,True,True,True,True,False,True,Single room,0.59,CTR,Central Province,Numerica,5200000,"Capital region, services, government",Medium
DHHS2025-00621,EST,Percentile District,Urban,5,2,3,0,34754,29577,True,True,True,True,False,True,False,False,Single room,1.33,EST,Eastern Province,Outlier Bay,2500000,"Coastal, fishing, tourism",Medium
DHHS2025-00622,EST,Percentile District,Urban,4,3,1,0,65689,56776,True,True,True,True,True,True,True,False,Flat/Apartment,1.34,EST,Eastern Province,Outlier Bay,2500000,"Coastal, fishing, tourism",Medium
DHHS2025-00623,STH,Median Urban,Urban,8,2,6,0,56326,51625,True,True,True,True,True,True,False,False,Detached house,0.89,STH,Southern Province,Median City,3800000,"Industrial, urban",Large
DHHS2025-00624,WST,Confidence District,Rural,5,0,5,0,23906,17732,False,True,False,True,False,True,False,False,Traditional hut,2.33,WST,Western Province,Deviation,1900000,"Semi-arid, livestock",Medium
DHHS2025-00625,LKS,Parameter District,Urban,9,4,5,0,21301,20604,True,True,False,True,False,False,False,True,Flat/Apartment,1.12,LKS,Lakeside Province,Port Sample,3000000,"Agriculture, lake fishing",Large
DHHS2025-00626,CTR,Numerica Peri-Urban,Rural,6,3,3,0,126340,94370,True,True,True,True,True,True,True,False,Detached house,0.9,CTR,Central Province,Numerica,5200000,"Capital region, services, government",Large
DHHS2025-00627,EST,Kurtosis Bay,Rural,5,1,4,0,35606,30768,False,True,True,True,True,True,False,False,Traditional hut,1.86,EST,Eastern Province,Outlier Bay,2500000,"Coastal, fishing, tourism",Medium
DHHS2025-00628,CTR,Range District,Urban,4,1,3,0,32390,28504,True,True,True,True,False,True,False,False,Detached house,0.62,CTR,Central Province,Numerica,5200000,"Capital region, services, government",Medium
DHHS2025-00629,STH,Distribution District,Urban,10,4,6,0,98023,79415,True,True,True,True,True,True,False,False,Informal,0.79,STH,Southern Province,Median City,3800000,"Industrial, urban",Large
DHHS2025-00630,CTR,Variance District,Urban,5,3,2,0,56948,51160,True,True,True,True,False,False,False,False,Semi-detached,0.58,CTR,Central Province,Numerica,5200000,"Capital region, services, government",Medium
DHHS2025-00631,WST,Deviation District,Rural,6,1,5,0,9917,8981,False,False,False,False,True,True,True,False,Traditional hut,2.52,WST,Western Province,Deviation,1900000,"Semi-arid, livestock",Large
DHHS2025-00632,CTR,Numerica Urban,Urban,4,1,2,1,104547,93385,True,True,True,True,True,True,False,False,Single room,0.55,CTR,Central Province,Numerica,5200000,"Capital region, services, government",Medium
DHHS2025-00633,CTR,Numerica Peri-Urban,Urban,4,1,3,0,86254,69739,True,True,True,True,True,True,True,False,Flat/Apartment,0.62,CTR,Central Province,Numerica,5200000,"Capital region, services, government",Medium
DHHS2025-00634,CTR,Numerica Peri-Urban,Urban,8,1,7,0,26717,23081,True,True,False,True,True,True,True,False,Detached house,0.54,CTR,Central Province,Numerica,5200000,"Capital region, services, government",Large
DHHS2025-00635,CTR,Numerica Peri-Urban,Rural,1,0,1,0,58846,42585,True,True,True,False,False,True,False,True,Traditional hut,0.88,CTR,Central Province,Numerica,5200000,"Capital region, services, government",Small
DHHS2025-00636,STH,Mode District,Rural,7,0,6,1,19032,14794,False,True,True,False,False,True,False,False,Detached house,1.29,STH,Southern Province,Median City,3800000,"Industrial, urban",Large
DHHS2025-00637,STH,Distribution District,Urban,3,1,2,0,40965,33124,True,True,True,True,True,False,True,False,Single room,0.88,STH,Southern Province,Median City,3800000,"Industrial, urban",Medium
DHHS2025-00638,STH,Mode District,Urban,3,2,1,0,69912,63144,True,True,False,True,True,False,True,False,Semi-detached,0.73,STH,Southern Province,Median City,3800000,"Industrial, urban",Medium
DHHS2025-00639,STH,Median Urban,Urban,5,2,3,0,22693,18076,True,True,False,True,False,True,False,False,Single room,0.82,STH,Southern Province,Median City,3800000,"Industrial, urban",Medium
DHHS2025-00640,EST,Skewness District,Urban,6,2,4,0,21110,15128,True,True,True,False,False,True,False,False,Informal,1.33,EST,Eastern Province,Outlier Bay,2500000,"Coastal, fishing, tourism",Large
DHHS2025-00641,STH,Frequency Plains,Urban,10,0,10,0,86111,69409,True,True,True,False,True,True,True,False,Detached house,0.87,STH,Southern Province,Median City,3800000,"Industrial, urban",Large
DHHS2025-00642,LKS,Parameter District,Urban,6,1,5,0,18385,13287,False,True,False,False,False,False,False,False,Single room,1.04,LKS,Lakeside Province,Port Sample,3000000,"Agriculture, lake fishing",Large
DHHS2025-00643,CTR,Numerica Peri-Urban,Urban,8,1,6,1,108528,86639,True,True,True,False,True,True,True,False,Flat/Apartment,0.57,CTR,Central Province,Numerica,5200000,"Capital region, services, government",Large
DHHS2025-00644,LKS,Estimate District,Rural,4,1,3,0,17235,14654,False,False,True,False,False,True,False,False,Detached house,1.66,LKS,Lakeside Province,Port Sample,3000000,"Agriculture, lake fishing",Medium
DHHS2025-00645,EST,Kurtosis Bay,Rural,3,2,1,0,27915,24415,False,False,False,True,False,True,False,False,Detached house,1.88,EST,Eastern Province,Outlier Bay,2500000,"Coastal, fishing, tourism",Medium
DHHS2025-00646,EST,Outlier Coastal,Rural,4,2,2,0,39480,29081,True,True,True,False,True,False,False,False,Detached house,1.98,EST,Eastern Province,Outlier Bay,2500000,"Coastal, fishing, tourism",Medium
DHHS2025-00647,NTH,Regression Valley,Urban,4,3,1,0,24623,20768,True,True,False,True,False,True,True,False,Detached house,1.58,NTH,Northern Province,Polaris,2100000,"Rural, agricultural, mining",Medium
DHHS2025-00648,WST,Deviation District,Rural,7,2,5,0,42949,39960,False,True,False,True,False,True,False,False,Traditional hut,2.61,WST,Western Province,Deviation,1900000,"Semi-arid, livestock",Large
DHHS2025-00649,NTH,Regression Valley,Rural,5,0,5,0,18781,13835,False,True,False,True,False,True,False,False,Semi-detached,2.01,NTH,Northern Province,Polaris,2100000,"Rural, agricultural, mining",Medium
DHHS2025-00650,EST,Kurtosis Bay,Rural,7,2,5,0,43435,30783,True,True,False,False,True,True,False,True,Semi-detached,1.86,EST,Eastern Province,Outlier Bay,2500000,"Coastal, fishing, tourism",Large
DHHS2025-00651,STH,Frequency Plains,Urban,5,2,3,0,64912,53445,True,True,False,False,False,False,False,True,Single room,0.79,STH,Southern Province,Median City,3800000,"Industrial, urban",Medium
DHHS2025-00652,CTR,Numerica Peri-Urban,Rural,6,4,2,0,54689,45192,False,True,True,False,True,True,False,False,Detached house,0.94,CTR,Central Province,Numerica,5200000,"Capital region, services, government",Large
DHHS2025-00653,CTR,Numerica Urban,Urban,4,3,1,0,97919,100034,True,True,True,False,True,True,True,False,Detached house,0.6,CTR,Central Province,Numerica,5200000,"Capital region, services, government",Medium
DHHS2025-00654,CTR,Numerica Peri-Urban,Urban,5,4,1,0,60164,47303,True,True,False,True,True,True,True,False,Detached house,0.57,CTR,Central Province,Numerica,5200000,"Capital region, services, government",Medium
DHHS2025-00655,STH,Median Urban,Urban,3,2,1,0,21261,17214,True,False,False,True,False,True,True,False,Semi-detached,0.79,STH,Southern Province,Median City,3800000,"Industrial, urban",Medium
DHHS2025-00656,STH,Frequency Plains,Rural,9,1,8,0,19662,18380,True,True,False,True,False,True,True,False,Traditional hut,1.18,STH,Southern Province,Median City,3800000,"Industrial, urban",Large
DHHS2025-00657,LKS,Interval District,Rural,3,0,2,1,39359,38201,True,True,False,False,False,True,True,False,Detached house,1.61,LKS,Lakeside Province,Port Sample,3000000,"Agriculture, lake fishing",Medium
DHHS2025-00658,STH,Mode District,Urban,3,2,1,0,14043,13178,False,True,True,True,False,True,True,False,Detached house,0.76,STH,Southern Province,Median City,3800000,"Industrial, urban",Medium
DHHS2025-00659,STH,Frequency Plains,Urban,5,3,2,0,35455,33381,True,True,False,False,True,True,False,False,Semi-detached,0.83,STH,Southern Province,Median City,3800000,"Industrial, urban",Medium
DHHS2025-00660,STH,Median Urban,Urban,9,1,7,1,57546,49457,True,True,True,False,False,False,False,True,Detached house,0.77,STH,Southern Province,Median City,3800000,"Industrial, urban",Large
DHHS2025-00661,CTR,Variance District,Urban,4,2,2,0,50821,46728,True,False,False,True,False,True,True,False,Detached house,0.59,CTR,Central Province,Numerica,5200000,"Capital region, services, government",Medium
DHHS2025-00662,STH,Frequency Plains,Rural,8,1,7,0,38074,34064,False,True,True,False,False,True,False,True,Detached house,1.14,STH,Southern Province,Median City,3800000,"Industrial, urban",Large
DHHS2025-00663,CTR,Numerica Urban,Urban,6,3,3,0,26147,20595,True,False,False,True,False,False,False,False,Detached house,0.54,CTR,Central Province,Numerica,5200000,"Capital region, services, government",Large
DHHS2025-00664,CTR,Numerica Urban,Urban,2,1,1,0,43664,32761,True,False,True,True,False,True,False,False,Detached house,0.54,CTR,Central Province,Numerica,5200000,"Capital region, services, government",Small
DHHS2025-00665,CTR,Numerica Urban,Urban,7,2,5,0,129489,116714,True,True,True,True,True,True,True,False,Semi-detached,0.54,CTR,Central Province,Numerica,5200000,"Capital region, services, government",Large
DHHS2025-00666,EST,Outlier Coastal,Urban,4,0,4,0,25324,17666,True,True,True,True,True,True,False,False,Semi-detached,1.31,EST,Eastern Province,Outlier Bay,2500000,"Coastal, fishing, tourism",Medium
DHHS2025-00667,STH,Mode District,Rural,4,2,2,0,67784,65309,True,True,True,True,True,True,True,False,Traditional hut,1.1,STH,Southern Province,Median City,3800000,"Industrial, urban",Medium
DHHS2025-00668,CTR,Variance District,Urban,6,1,5,0,76976,64969,True,True,True,True,True,True,False,False,Detached house,0.56,CTR,Central Province,Numerica,5200000,"Capital region, services, government",Large
DHHS2025-00669,CTR,Numerica Urban,Urban,7,1,6,0,77837,71336,True,True,True,False,True,True,True,False,Single room,0.54,CTR,Central Province,Numerica,5200000,"Capital region, services, government",Large
DHHS2025-00670,CTR,Numerica Urban,Urban,5,2,3,0,327810,269770,True,True,True,True,True,True,True,False,Detached house,0.53,CTR,Central Province,Numerica,5200000,"Capital region, services, government",Medium
DHHS2025-00671,WST,Confidence District,Rural,6,4,2,0,36488,32437,True,True,True,True,True,True,False,False,Traditional hut,2.26,WST,Western Province,Deviation,1900000,"Semi-arid, livestock",Large
DHHS2025-00672,CTR,Numerica Peri-Urban,Rural,4,1,3,0,74924,62913,True,True,True,False,False,True,False,False,Traditional hut,0.83,CTR,Central Province,Numerica,5200000,"Capital region, services, government",Medium
DHHS2025-00673,NTH,Regression Valley,Urban,1,0,1,0,11017,9626,False,False,False,True,True,True,False,False,Single room,1.46,NTH,Northern Province,Polaris,2100000,"Rural, agricultural, mining",Small
DHHS2025-00674,LKS,Estimate District,Rural,5,4,1,0,54058,43879,True,True,False,True,False,False,False,False,Detached house,1.63,LKS,Lakeside Province,Port Sample,3000000,"Agriculture, lake fishing",Medium
DHHS2025-00675,CTR,Numerica Peri-Urban,Urban,4,1,3,0,111015,112752,True,True,True,True,True,True,True,False,Flat/Apartment,0.62,CTR,Central Province,Numerica,5200000,"Capital region, services, government",Medium
DHHS2025-00676,STH,Median Urban,Rural,4,1,3,0,44379,39840,True,False,True,True,False,False,False,True,Detached house,1.18,STH,Southern Province,Median City,3800000,"Industrial, urban",Medium
DHHS2025-00677,CTR,Variance District,Urban,2,1,1,0,32715,24903,False,True,False,False,True,False,True,False,Single room,0.63,CTR,Central Province,Numerica,5200000,"Capital region, services, government",Small
DHHS2025-00678,EST,Percentile District,Urban,5,4,1,0,54189,44009,True,True,True,True,False,True,True,True,Informal,1.27,EST,Eastern Province,Outlier Bay,2500000,"Coastal, fishing, tourism",Medium
DHHS2025-00679,CTR,Numerica Urban,Rural,8,2,6,0,46562,36767,False,True,True,False,False,True,False,True,Traditional hut,0.8,CTR,Central Province,Numerica,5200000,"Capital region, services, government",Large
DHHS2025-00680,STH,Frequency Plains,Rural,1,0,1,0,70235,61653,True,False,False,True,True,True,True,False,Traditional hut,1.16,STH,Southern Province,Median City,3800000,"Industrial, urban",Small
DHHS2025-00681,WST,Confidence District,Rural,5,1,4,0,34471,29720,False,False,True,False,False,True,False,False,Traditional hut,2.45,WST,Western Province,Deviation,1900000,"Semi-arid, livestock",Medium
DHHS2025-00682,EST,Skewness District,Urban,3,1,2,0,84683,82469,True,True,True,True,True,True,False,True,Detached house,1.24,EST,Eastern Province,Outlier Bay,2500000,"Coastal, fishing, tourism",Medium
DHHS2025-00683,STH,Median Urban,Rural,7,2,5,0,35355,27887,True,False,False,True,True,True,False,False,Detached house,1.19,STH,Southern Province,Median City,3800000,"Industrial, urban",Large
DHHS2025-00684,CTR,Range District,Urban,6,0,6,0,89335,75705,True,True,True,True,True,True,False,False,Flat/Apartment,0.56,CTR,Central Province,Numerica,5200000,"Capital region, services, government",Large
DHHS2025-00685,STH,Distribution District,Urban,8,2,6,0,41107,35312,True,True,True,True,False,True,True,False,Single room,0.82,STH,Southern Province,Median City,3800000,"Industrial, urban",Large
DHHS2025-00686,WST,Deviation District,Rural,5,3,2,0,22235,19264,True,True,False,True,True,False,False,False,Traditional hut,2.5,WST,Western Province,Deviation,1900000,"Semi-arid, livestock",Medium
DHHS2025-00687,LKS,Parameter District,Urban,6,1,5,0,122584,96846,True,True,True,True,True,True,True,False,Single room,1.11,LKS,Lakeside Province,Port Sample,3000000,"Agriculture, lake fishing",Large
DHHS2025-00688,NTH,Regression Valley,Urban,4,3,1,0,31541,24411,True,True,True,False,False,True,False,False,Detached house,1.5,NTH,Northern Province,Polaris,2100000,"Rural, agricultural, mining",Medium
DHHS2025-00689,STH,Median Urban,Urban,3,2,1,0,60577,49429,True,True,True,True,True,True,True,False,Detached house,0.89,STH,Southern Province,Median City,3800000,"Industrial, urban",Medium
DHHS2025-00690,EST,Percentile District,Urban,5,3,2,0,45439,33586,True,True,False,True,False,True,False,False,Single room,1.26,EST,Eastern Province,Outlier Bay,2500000,"Coastal, fishing, tourism",Medium
DHHS2025-00691,EST,Skewness District,Urban,8,2,5,1,45635,34277,False,True,True,True,False,True,False,False,Detached house,1.24,EST,Eastern Province,Outlier Bay,2500000,"Coastal, fishing, tourism",Large
DHHS2025-00692,CTR,Range District,Urban,9,2,7,0,65410,67447,True,True,True,False,True,True,False,True,Detached house,0.54,CTR,Central Province,Numerica,5200000,"Capital region, services, government",Large
DHHS2025-00693,CTR,Variance District,Urban,4,3,1,0,75331,65213,True,True,True,True,True,True,True,True,Informal,0.65,CTR,Central Province,Numerica,5200000,"Capital region, services, government",Medium
DHHS2025-00694,CTR,Variance District,Urban,5,3,2,0,104235,89564,True,True,True,True,True,True,True,True,Semi-detached,0.58,CTR,Central Province,Numerica,5200000,"Capital region, services, government",Medium
DHHS2025-00695,LKS,Estimate District,Rural,7,1,6,0,15029,13039,True,False,False,False,False,False,False,False,Single room,1.67,LKS,Lakeside Province,Port Sample,3000000,"Agriculture, lake fishing",Large
DHHS2025-00696,CTR,Numerica Peri-Urban,Urban,6,2,4,0,44964,35126,True,False,False,True,True,True,False,False,Semi-detached,0.58,CTR,Central Province,Numerica,5200000,"Capital region, services, government",Large
DHHS2025-00697,WST,Confidence District,Rural,5,3,2,0,19271,15415,True,True,True,True,False,False,False,False,Single room,2.53,WST,Western Province,Deviation,1900000,"Semi-arid, livestock",Medium
DHHS2025-00698,WST,Confidence District,Rural,8,1,7,0,50657,48871,True,True,True,False,False,True,True,False,Traditional hut,2.4,WST,Western Province,Deviation,1900000,"Semi-arid, livestock",Large
DHHS2025-00699,CTR,Range District,Urban,5,3,2,0,29201,24334,False,True,False,True,False,False,False,False,Flat/Apartment,0.64,CTR,Central Province,Numerica,5200000,"Capital region, services, government",Medium
DHHS2025-00700,NTH,Regression Valley,Rural,6,5,1,0,51122,46637,False,True,False,True,True,True,True,False,Semi-detached,2.11,NTH,Northern Province,Polaris,2100000,"Rural, agricultural, mining",Large
DHHS2025-00701,CTR,Numerica Peri-Urban,Urban,6,2,4,0,56973,50886,True,True,True,True,False,False,False,False,Semi-detached,0.54,CTR,Central Province,Numerica,5200000,"Capital region, services, government",Large
DHHS2025-00702,STH,Distribution District,Urban,3,2,1,0,118518,103314,True,True,True,True,True,True,True,False,Single room,0.8,STH,Southern Province,Median City,3800000,"Industrial, urban",Medium
DHHS2025-00703,STH,Distribution District,Urban,5,1,4,0,83195,67823,True,True,True,False,True,True,False,False,Informal,0.82,STH,Southern Province,Median City,3800000,"Industrial, urban",Medium
DHHS2025-00704,CTR,Variance District,Urban,4,2,2,0,30975,26317,True,True,False,False,False,True,False,False,Semi-detached,0.62,CTR,Central Province,Numerica,5200000,"Capital region, services, government",Medium
DHHS2025-00705,CTR,Numerica Peri-Urban,Urban,7,4,3,0,75988,65817,True,True,True,True,True,True,False,False,Semi-detached,0.57,CTR,Central Province,Numerica,5200000,"Capital region, services, government",Large
DHHS2025-00706,CTR,Range District,Urban,6,2,4,0,52721,44183,True,True,True,True,True,True,False,False,Flat/Apartment,0.58,CTR,Central Province,Numerica,5200000,"Capital region, services, government",Large
DHHS2025-00707,EST,Kurtosis Bay,Urban,5,1,4,0,40553,36166,True,True,True,True,True,False,False,False,Single room,1.27,EST,Eastern Province,Outlier Bay,2500000,"Coastal, fishing, tourism",Medium
DHHS2025-00708,CTR,Numerica Peri-Urban,Rural,3,2,1,0,16877,12018,False,False,False,True,True,False,True,False,Detached house,0.81,CTR,Central Province,Numerica,5200000,"Capital region, services, government",Medium
DHHS2025-00709,EST,Kurtosis Bay,Urban,7,0,7,0,23112,22087,True,True,True,True,False,False,False,False,Single room,1.34,EST,Eastern Province,Outlier Bay,2500000,"Coastal, fishing, tourism",Large
DHHS2025-00710,EST,Percentile District,Rural,5,3,2,0,30254,22774,False,True,False,True,False,True,False,False,Semi-detached,1.72,EST,Eastern Province,Outlier Bay,2500000,"Coastal, fishing, tourism",Medium
DHHS2025-00711,WST,Standard District,Rural,5,0,5,0,87102,78178,True,True,True,False,False,True,True,False,Detached house,2.66,WST,Western Province,Deviation,1900000,"Semi-arid, livestock",Medium
DHHS2025-00712,NTH,Regression Valley,Rural,5,2,3,0,32109,27937,True,True,True,True,False,False,True,False,Semi-detached,2.02,NTH,Northern Province,Polaris,2100000,"Rural, agricultural, mining",Medium
DHHS2025-00713,LKS,Estimate District,Urban,4,2,2,0,40347,35985,True,True,True,False,True,True,False,False,Single room,1.09,LKS,Lakeside Province,Port Sample,3000000,"Agriculture, lake fishing",Medium
DHHS2025-00714,STH,Median Urban,Urban,4,2,2,0,68019,56934,True,True,False,True,True,True,True,False,Detached house,0.86,STH,Southern Province,Median City,3800000,"Industrial, urban",Medium
DHHS2025-00715,STH,Median Urban,Urban,4,3,1,0,31038,24930,False,True,True,False,True,True,False,False,Single room,0.77,STH,Southern Province,Median City,3800000,"Industrial, urban",Medium
DHHS2025-00716,EST,Kurtosis Bay,Urban,4,2,2,0,28447,24041,True,True,True,False,False,True,True,False,Semi-detached,1.22,EST,Eastern Province,Outlier Bay,2500000,"Coastal, fishing, tourism",Medium
DHHS2025-00717,CTR,Range District,Urban,4,3,1,0,60589,48464,True,True,True,True,True,True,True,False,Detached house,0.59,CTR,Central Province,Numerica,5200000,"Capital region, services, government",Medium
DHHS2025-00718,STH,Mode District,Rural,4,3,1,0,25017,20497,True,False,False,False,False,True,False,False,Semi-detached,1.25,STH,Southern Province,Median City,3800000,"Industrial, urban",Medium
DHHS2025-00719,STH,Mode District,Rural,6,0,6,0,62516,57987,True,True,True,True,False,True,False,False,Detached house,1.25,STH,Southern Province,Median City,3800000,"Industrial, urban",Large
DHHS2025-00720,EST,Percentile District,Rural,8,2,6,0,13666,11866,False,False,True,True,True,False,False,False,Detached house,1.88,EST,Eastern Province,Outlier Bay,2500000,"Coastal, fishing, tourism",Large
DHHS2025-00721,EST,Outlier Coastal,Urban,4,0,3,1,10951,8932,True,True,False,True,False,True,False,False,Single room,1.35,EST,Eastern Province,Outlier Bay,2500000,"Coastal, fishing, tourism",Medium
DHHS2025-00722,LKS,Interval District,Urban,6,1,5,0,66695,64109,True,True,True,True,True,True,False,False,Semi-detached,0.94,LKS,Lakeside Province,Port Sample,3000000,"Agriculture, lake fishing",Large
DHHS2025-00723,NTH,Sigma District,Rural,7,2,5,0,21215,20831,True,False,True,True,False,False,False,False,Traditional hut,2.0,NTH,Northern Province,Polaris,2100000,"Rural, agricultural, mining",Large
DHHS2025-00724,CTR,Numerica Urban,Urban,3,2,1,0,63136,52227,True,True,True,True,True,True,True,False,Detached house,0.62,CTR,Central Province,Numerica,5200000,"Capital region, services, government",Medium
DHHS2025-00725,EST,Skewness District,Rural,5,4,1,0,32899,27489,False,False,True,True,True,True,False,False,Detached house,2.03,EST,Eastern Province,Outlier Bay,2500000,"Coastal, fishing, tourism",Medium
DHHS2025-00726,WST,Standard District,Rural,6,4,2,0,9368,8952,False,False,True,True,True,True,False,False,Detached house,2.32,WST,Western Province,Deviation,1900000,"Semi-arid, livestock",Large
DHHS2025-00727,LKS,Port Sample District,Rural,3,2,1,0,13209,12341,True,False,True,False,False,True,False,False,Single room,1.52,LKS,Lakeside Province,Port Sample,3000000,"Agriculture, lake fishing",Medium
DHHS2025-00728,CTR,Variance District,Urban,3,2,1,0,44835,38094,False,True,True,True,False,False,False,False,Single room,0.59,CTR,Central Province,Numerica,5200000,"Capital region, services, government",Medium
DHHS2025-00729,EST,Skewness District,Urban,4,3,1,0,89664,65993,True,True,True,False,True,True,True,False,Single room,1.25,EST,Eastern Province,Outlier Bay,2500000,"Coastal, fishing, tourism",Medium
DHHS2025-00730,EST,Percentile District,Urban,8,2,6,0,36347,26760,True,True,False,False,True,True,False,False,Single room,1.17,EST,Eastern Province,Outlier Bay,2500000,"Coastal, fishing, tourism",Large
DHHS2025-00731,STH,Distribution District,Urban,8,3,5,0,144398,115179,True,True,True,True,True,True,False,True,Detached house,0.84,STH,Southern Province,Median City,3800000,"Industrial, urban",Large
DHHS2025-00732,CTR,Range District,Rural,7,2,5,0,15730,14423,False,True,True,True,False,False,False,True,Traditional hut,0.88,CTR,Central Province,Numerica,5200000,"Capital region, services, government",Large
DHHS2025-00733,WST,Error Margin,Rural,5,4,1,0,23059,18456,False,True,False,True,False,False,False,False,Detached house,2.39,WST,Western Province,Deviation,1900000,"Semi-arid, livestock",Medium
DHHS2025-00734,CTR,Numerica Peri-Urban,Rural,6,2,4,0,28876,27023,True,False,False,True,False,False,False,False,Detached house,0.9,CTR,Central Province,Numerica,5200000,"Capital region, services, government",Large
DHHS2025-00735,EST,Kurtosis Bay,Urban,4,3,1,0,16176,13513,True,False,True,True,False,False,False,False,Detached house,1.25,EST,Eastern Province,Outlier Bay,2500000,"Coastal, fishing, tourism",Medium
DHHS2025-00736,NTH,Sigma District,Rural,8,2,6,0,40009,34702,True,False,False,True,False,True,False,False,Traditional hut,2.25,NTH,Northern Province,Polaris,2100000,"Rural, agricultural, mining",Large
DHHS2025-00737,WST,Confidence District,Rural,6,2,4,0,14648,13139,False,False,False,False,True,False,False,False,Detached house,2.27,WST,Western Province,Deviation,1900000,"Semi-arid, livestock",Large
DHHS2025-00738,CTR,Range District,Urban,5,1,4,0,44715,32373,True,True,True,False,True,True,False,False,Semi-detached,0.58,CTR,Central Province,Numerica,5200000,"Capital region, services, government",Medium
DHHS2025-00739,STH,Distribution District,Rural,3,2,1,0,18675,16934,True,True,True,True,False,False,False,False,Detached house,1.23,STH,Southern Province,Median City,3800000,"Industrial, urban",Medium
DHHS2025-00740,STH,Median Urban,Urban,3,0,3,0,207935,166542,True,True,True,True,True,True,True,False,Detached house,0.84,STH,Southern Province,Median City,3800000,"Industrial, urban",Medium
DHHS2025-00741,CTR,Variance District,Rural,10,2,8,0,23271,16263,True,False,False,True,True,True,False,False,Detached house,0.81,CTR,Central Province,Numerica,5200000,"Capital region, services, government",Large
DHHS2025-00742,CTR,Numerica Urban,Urban,5,1,4,0,54347,48366,True,False,True,True,True,True,False,False,Informal,0.58,CTR,Central Province,Numerica,5200000,"Capital region, services, government",Medium
DHHS2025-00743,EST,Percentile District,Urban,2,1,1,0,78514,62293,True,True,True,True,True,True,True,False,Flat/Apartment,1.21,EST,Eastern Province,Outlier Bay,2500000,"Coastal, fishing, tourism",Small
DHHS2025-00744,CTR,Variance District,Urban,9,4,5,0,61092,47834,True,True,False,False,True,True,True,False,Single room,0.65,CTR,Central Province,Numerica,5200000,"Capital region, services, government",Large
DHHS2025-00745,WST,Error Margin,Rural,4,3,1,0,30524,26539,True,True,False,False,False,True,False,False,Detached house,2.67,WST,Western Province,Deviation,1900000,"Semi-arid, livestock",Medium
DHHS2025-00746,LKS,Estimate District,Urban,7,1,6,0,124036,113432,True,True,True,False,True,True,False,False,Single room,0.95,LKS,Lakeside Province,Port Sample,3000000,"Agriculture, lake fishing",Large
DHHS2025-00747,CTR,Numerica Peri-Urban,Rural,2,1,1,0,98741,101064,True,False,True,False,False,True,False,False,Detached house,0.86,CTR,Central Province,Numerica,5200000,"Capital region, services, government",Small
DHHS2025-00748,LKS,Interval District,Urban,7,3,4,0,19851,15950,False,False,False,True,False,False,True,False,Detached house,1.03,LKS,Lakeside Province,Port Sample,3000000,"Agriculture, lake fishing",Large
DHHS2025-00749,NTH,Regression Valley,Rural,2,1,1,0,53471,41173,False,False,False,False,False,True,False,False,Detached house,2.39,NTH,Northern Province,Polaris,2100000,"Rural, agricultural, mining",Small
DHHS2025-00750,CTR,Numerica Urban,Urban,5,1,3,1,234772,198539,True,True,True,False,True,True,False,False,Single room,0.59,CTR,Central Province,Numerica,5200000,"Capital region, services, government",Medium
DHHS2025-00751,CTR,Numerica Urban,Urban,7,2,5,0,108485,87071,True,True,True,False,True,True,False,True,Semi-detached,0.56,CTR,Central Province,Numerica,5200000,"Capital region, services, government",Large
DHHS2025-00752,STH,Mode District,Rural,6,2,4,0,34140,26971,True,False,True,True,False,True,False,False,Traditional hut,1.27,STH,Southern Province,Median City,3800000,"Industrial, urban",Large
DHHS2025-00753,CTR,Range District,Rural,4,1,3,0,67242,57822,True,True,True,False,True,True,True,False,Traditional hut,0.89,CTR,Central Province,Numerica,5200000,"Capital region, services, government",Medium
DHHS2025-00754,CTR,Numerica Peri-Urban,Rural,4,1,3,0,31241,24276,False,False,True,True,False,False,False,False,Semi-detached,0.94,CTR,Central Province,Numerica,5200000,"Capital region, services, government",Medium
DHHS2025-00755,STH,Median Urban,Rural,4,3,1,0,11232,10262,True,True,False,True,False,True,False,False,Traditional hut,1.19,STH,Southern Province,Median City,3800000,"Industrial, urban",Medium
DHHS2025-00756,EST,Percentile District,Urban,6,5,1,0,13652,11061,False,False,True,False,True,True,False,False,Detached house,1.22,EST,Eastern Province,Outlier Bay,2500000,"Coastal, fishing, tourism",Large
DHHS2025-00757,LKS,Port Sample District,Urban,6,1,5,0,73536,66344,True,True,True,True,True,True,True,False,Flat/Apartment,0.95,LKS,Lakeside Province,Port Sample,3000000,"Agriculture, lake fishing",Large
DHHS2025-00758,CTR,Numerica Peri-Urban,Rural,5,0,4,1,28574,25766,True,True,True,False,True,False,False,False,Traditional hut,0.94,CTR,Central Province,Numerica,5200000,"Capital region, services, government",Medium
DHHS2025-00759,EST,Skewness District,Urban,3,2,1,0,30705,21753,False,True,True,True,True,True,False,False,Semi-detached,1.3,EST,Eastern Province,Outlier Bay,2500000,"Coastal, fishing, tourism",Medium
DHHS2025-00760,WST,Deviation District,Rural,8,2,6,0,17563,15454,False,True,False,True,False,True,False,False,Semi-detached,2.55,WST,Western Province,Deviation,1900000,"Semi-arid, livestock",Large
DHHS2025-00761,LKS,Estimate District,Rural,3,2,1,0,18708,16356,False,True,True,True,True,False,False,False,Detached house,1.58,LKS,Lakeside Province,Port Sample,3000000,"Agriculture, lake fishing",Medium
DHHS2025-00762,CTR,Range District,Rural,6,0,6,0,6994,5404,True,False,False,True,False,True,False,False,Detached house,0.86,CTR,Central Province,Numerica,5200000,"Capital region, services, government",Large
DHHS2025-00763,CTR,Numerica Peri-Urban,Urban,5,0,5,0,134070,132974,True,True,True,True,True,True,True,False,Single room,0.58,CTR,Central Province,Numerica,5200000,"Capital region, services, government",Medium
DHHS2025-00764,CTR,Numerica Urban,Urban,7,2,5,0,102371,73097,True,True,True,False,True,True,True,False,Informal,0.61,CTR,Central Province,Numerica,5200000,"Capital region, services, government",Large
DHHS2025-00765,CTR,Range District,Urban,3,1,2,0,49770,47432,True,True,True,True,True,True,True,False,Detached house,0.63,CTR,Central Province,Numerica,5200000,"Capital region, services, government",Medium
DHHS2025-00766,LKS,Port Sample District,Urban,2,1,1,0,40661,32050,True,True,False,True,False,True,True,False,Detached house,0.99,LKS,Lakeside Province,Port Sample,3000000,"Agriculture, lake fishing",Small
DHHS2025-00767,STH,Distribution District,Rural,3,2,1,0,23358,17211,True,True,True,True,True,True,True,False,Detached house,1.19,STH,Southern Province,Median City,3800000,"Industrial, urban",Medium
DHHS2025-00768,CTR,Numerica Urban,Rural,1,0,1,0,80942,67687,True,True,True,True,True,False,False,True,Single room,0.82,CTR,Central Province,Numerica,5200000,"Capital region, services, government",Small
DHHS2025-00769,CTR,Numerica Peri-Urban,Urban,5,2,3,0,40483,37010,False,True,True,True,True,True,True,True,Informal,0.58,CTR,Central Province,Numerica,5200000,"Capital region, services, government",Medium
DHHS2025-00770,LKS,Estimate District,Rural,4,2,2,0,15911,12127,False,False,False,True,False,False,False,False,Single room,1.49,LKS,Lakeside Province,Port Sample,3000000,"Agriculture, lake fishing",Medium
DHHS2025-00771,CTR,Variance District,Urban,6,2,4,0,54786,51768,False,True,True,False,True,True,True,False,Detached house,0.58,CTR,Central Province,Numerica,5200000,"Capital region, services, government",Large
DHHS2025-00772,CTR,Numerica Urban,Rural,8,2,6,0,32658,24488,True,False,True,True,False,True,False,True,Semi-detached,0.96,CTR,Central Province,Numerica,5200000,"Capital region, services, government",Large
DHHS2025-00773,LKS,Estimate District,Rural,7,0,7,0,48962,42873,False,True,False,True,True,False,False,False,Detached house,1.54,LKS,Lakeside Province,Port Sample,3000000,"Agriculture, lake fishing",Large
DHHS2025-00774,EST,Kurtosis Bay,Urban,3,0,3,0,26896,22322,True,False,True,True,True,True,False,False,Flat/Apartment,1.34,EST,Eastern Province,Outlier Bay,2500000,"Coastal, fishing, tourism",Medium
DHHS2025-00775,STH,Distribution District,Rural,7,2,5,0,38542,28269,True,True,False,True,True,True,False,False,Single room,1.19,STH,Southern Province,Median City,3800000,"Industrial, urban",Large
DHHS2025-00776,LKS,Parameter District,Rural,6,2,4,0,12041,9842,True,False,False,True,False,False,False,False,Traditional hut,1.4,LKS,Lakeside Province,Port Sample,3000000,"Agriculture, lake fishing",Large
DHHS2025-00777,EST,Kurtosis Bay,Urban,5,1,3,1,49650,45216,True,False,True,False,True,True,False,False,Flat/Apartment,1.14,EST,Eastern Province,Outlier Bay,2500000,"Coastal, fishing, tourism",Medium
DHHS2025-00778,NTH,Correlation Hills,Urban,4,3,1,0,25066,23602,False,True,False,True,True,True,False,True,Semi-detached,1.56,NTH,Northern Province,Polaris,2100000,"Rural, agricultural, mining",Medium
DHHS2025-00779,STH,Median Urban,Urban,8,1,7,0,31314,25585,True,True,True,True,False,False,False,False,Detached house,0.76,STH,Southern Province,Median City,3800000,"Industrial, urban",Large
DHHS2025-00780,NTH,Regression Valley,Rural,2,0,2,0,81366,66677,True,True,True,False,True,True,False,False,Semi-detached,2.25,NTH,Northern Province,Polaris,2100000,"Rural, agricultural, mining",Small
DHHS2025-00781,EST,Percentile District,Urban,6,2,4,0,82329,82180,True,True,True,False,False,True,True,False,Semi-detached,1.29,EST,Eastern Province,Outlier Bay,2500000,"Coastal, fishing, tourism",Large
DHHS2025-00782,CTR,Numerica Urban,Urban,5,0,5,0,76753,70217,True,True,True,True,True,True,True,True,Single room,0.55,CTR,Central Province,Numerica,5200000,"Capital region, services, government",Medium
DHHS2025-00783,LKS,Estimate District,Rural,4,1,3,0,60368,47902,True,True,True,True,False,True,True,False,Detached house,1.54,LKS,Lakeside Province,Port Sample,3000000,"Agriculture, lake fishing",Medium
DHHS2025-00784,EST,Percentile District,Rural,4,1,3,0,65568,50138,True,False,True,True,False,True,False,False,Traditional hut,1.86,EST,Eastern Province,Outlier Bay,2500000,"Coastal, fishing, tourism",Medium
DHHS2025-00785,CTR,Numerica Urban,Rural,3,2,1,0,52154,39041,True,True,True,True,False,False,False,False,Detached house,0.89,CTR,Central Province,Numerica,5200000,"Capital region, services, government",Medium
DHHS2025-00786,CTR,Variance District,Urban,4,2,2,0,214945,205419,True,True,True,True,True,True,False,False,Detached house,0.58,CTR,Central Province,Numerica,5200000,"Capital region, services, government",Medium
DHHS2025-00787,CTR,Variance District,Rural,5,2,2,1,26247,22769,False,False,True,False,False,True,False,False,Traditional hut,0.92,CTR,Central Province,Numerica,5200000,"Capital region, services, government",Medium
DHHS2025-00788,LKS,Port Sample District,Urban,7,1,6,0,52080,40720,True,True,True,True,False,True,False,False,Detached house,1.13,LKS,Lakeside Province,Port Sample,3000000,"Agriculture, lake fishing",Large
DHHS2025-00789,CTR,Variance District,Urban,7,1,6,0,66298,58735,True,False,True,False,True,True,False,False,Flat/Apartment,0.55,CTR,Central Province,Numerica,5200000,"Capital region, services, government",Large
DHHS2025-00790,CTR,Numerica Urban,Urban,4,2,2,0,14118,13763,False,True,False,True,True,True,False,False,Flat/Apartment,0.54,CTR,Central Province,Numerica,5200000,"Capital region, services, government",Medium
DHHS2025-00791,WST,Standard District,Urban,3,2,1,0,42118,36792,True,True,True,True,True,False,False,False,Semi-detached,1.6,WST,Western Province,Deviation,1900000,"Semi-arid, livestock",Medium
DHHS2025-00792,WST,Deviation District,Rural,7,6,1,0,23846,17895,True,True,False,False,False,False,False,False,Single room,2.5,WST,Western Province,Deviation,1900000,"Semi-arid, livestock",Large
DHHS2025-00793,NTH,Polaris District,Urban,4,1,3,0,16493,14638,True,True,False,False,False,True,False,False,Informal,1.38,NTH,Northern Province,Polaris,2100000,"Rural, agricultural, mining",Medium
DHHS2025-00794,CTR,Numerica Peri-Urban,Urban,7,2,5,0,106460,102431,True,True,True,False,True,True,True,False,Single room,0.54,CTR,Central Province,Numerica,5200000,"Capital region, services, government",Large
DHHS2025-00795,NTH,Polaris District,Rural,7,1,6,0,45510,42143,True,True,False,True,True,False,False,False,Semi-detached,2.04,NTH,Northern Province,Polaris,2100000,"Rural, agricultural, mining",Large
DHHS2025-00796,STH,Distribution District,Urban,5,2,3,0,31646,24270,True,False,False,True,True,True,True,False,Detached house,0.76,STH,Southern Province,Median City,3800000,"Industrial, urban",Medium
DHHS2025-00797,CTR,Range District,Urban,6,1,5,0,127971,107410,True,True,True,False,True,True,False,True,Single room,0.58,CTR,Central Province,Numerica,5200000,"Capital region, services, government",Large
DHHS2025-00798,CTR,Variance District,Urban,6,1,5,0,76468,62735,True,True,True,False,True,True,True,False,Detached house,0.58,CTR,Central Province,Numerica,5200000,"Capital region, services, government",Large
DHHS2025-00799,EST,Percentile District,Rural,4,1,3,0,36539,34780,True,True,True,True,True,True,False,False,Detached house,1.73,EST,Eastern Province,Outlier Bay,2500000,"Coastal, fishing, tourism",Medium
DHHS2025-00800,LKS,Interval District,Rural,5,2,3,0,27722,24870,True,True,True,True,True,True,False,False,Detached house,1.43,LKS,Lakeside Province,Port Sample,3000000,"Agriculture, lake fishing",Medium
DHHS2025-00801,NTH,Regression Valley,Rural,4,0,4,0,35464,28892,False,True,False,True,True,True,False,False,Traditional hut,2.19,NTH,Northern Province,Polaris,2100000,"Rural, agricultural, mining",Medium
DHHS2025-00802,STH,Median Urban,Rural,4,1,3,0,38843,32906,False,False,False,True,True,True,False,False,Detached house,1.24,STH,Southern Province,Median City,3800000,"Industrial, urban",Medium
DHHS2025-00803,LKS,Estimate District,Rural,5,1,2,2,35524,29907,True,True,True,False,False,False,False,False,Traditional hut,1.45,LKS,Lakeside Province,Port Sample,3000000,"Agriculture, lake fishing",Medium
DHHS2025-00804,STH,Distribution District,Urban,5,2,3,0,51400,41746,False,True,True,True,False,True,False,False,Flat/Apartment,0.79,STH,Southern Province,Median City,3800000,"Industrial, urban",Medium
DHHS2025-00805,STH,Frequency Plains,Rural,4,2,2,0,25309,17494,False,False,False,True,False,True,False,False,Detached house,1.21,STH,Southern Province,Median City,3800000,"Industrial, urban",Medium
DHHS2025-00806,STH,Mode District,Urban,9,1,8,0,88137,73427,True,True,True,True,True,True,True,False,Detached house,0.79,STH,Southern Province,Median City,3800000,"Industrial, urban",Large
DHHS2025-00807,STH,Frequency Plains,Urban,6,2,4,0,38635,33614,True,True,False,False,True,True,True,True,Informal,0.83,STH,Southern Province,Median City,3800000,"Industrial, urban",Large
DHHS2025-00808,WST,Standard District,Rural,4,3,1,0,34059,28136,False,False,False,True,True,True,False,True,Traditional hut,2.32,WST,Western Province,Deviation,1900000,"Semi-arid, livestock",Medium
DHHS2025-00809,STH,Frequency Plains,Urban,3,0,3,0,150490,134672,True,True,True,True,True,True,True,False,Semi-detached,0.87,STH,Southern Province,Median City,3800000,"Industrial, urban",Medium
DHHS2025-00810,LKS,Parameter District,Rural,2,1,1,0,29574,25482,False,True,False,False,False,False,False,False,Single room,1.62,LKS,Lakeside Province,Port Sample,3000000,"Agriculture, lake fishing",Small
DHHS2025-00811,CTR,Numerica Urban,Urban,6,2,4,0,33665,32447,True,True,False,False,False,True,False,False,Detached house,0.62,CTR,Central Province,Numerica,5200000,"Capital region, services, government",Large
DHHS2025-00812,NTH,Sigma District,Rural,5,1,4,0,38663,29407,True,False,False,False,False,True,True,True,Single room,2.13,NTH,Northern Province,Polaris,2100000,"Rural, agricultural, mining",Medium
DHHS2025-00813,WST,Standard District,Rural,6,1,5,0,11779,8888,True,False,False,True,True,True,False,False,Detached house,2.4,WST,Western Province,Deviation,1900000,"Semi-arid, livestock",Large
DHHS2025-00814,STH,Distribution District,Urban,3,0,3,0,47417,38572,True,True,False,True,True,True,True,False,Informal,0.87,STH,Southern Province,Median City,3800000,"Industrial, urban",Medium
DHHS2025-00815,LKS,Port Sample District,Urban,12,1,11,0,28992,28008,False,False,False,False,True,False,False,False,Single room,1.02,LKS,Lakeside Province,Port Sample,3000000,"Agriculture, lake fishing",Large
DHHS2025-00816,LKS,Estimate District,Rural,1,0,1,0,24322,21771,False,True,True,True,False,True,False,False,Detached house,1.5,LKS,Lakeside Province,Port Sample,3000000,"Agriculture, lake fishing",Small
DHHS2025-00817,NTH,Regression Valley,Urban,3,1,2,0,21858,20640,False,True,False,False,False,False,False,False,Single room,1.45,NTH,Northern Province,Polaris,2100000,"Rural, agricultural, mining",Medium
DHHS2025-00818,NTH,Regression Valley,Rural,3,2,1,0,35026,28429,False,True,True,True,False,True,True,False,Detached house,2.01,NTH,Northern Province,Polaris,2100000,"Rural, agricultural, mining",Medium
DHHS2025-00819,CTR,Numerica Peri-Urban,Urban,7,1,6,0,217933,162060,True,True,True,True,True,True,True,False,Semi-detached,0.54,CTR,Central Province,Numerica,5200000,"Capital region, services, government",Large
DHHS2025-00820,CTR,Range District,Urban,3,2,1,0,140158,135116,True,True,True,True,True,True,True,False,Single room,0.58,CTR,Central Province,Numerica,5200000,"Capital region, services, government",Medium
DHHS2025-00821,CTR,Numerica Peri-Urban,Urban,5,2,3,0,61761,58814,True,True,True,False,True,False,True,False,Informal,0.55,CTR,Central Province,Numerica,5200000,"Capital region, services, government",Medium
DHHS2025-00822,NTH,Correlation Hills,Urban,3,0,3,0,130268,106590,True,True,True,False,True,True,True,True,Flat/Apartment,1.46,NTH,Northern Province,Polaris,2100000,"Rural, agricultural, mining",Medium
DHHS2025-00823,CTR,Variance District,Rural,6,5,1,0,51781,41784,False,True,True,True,False,True,False,False,Traditional hut,0.97,CTR,Central Province,Numerica,5200000,"Capital region, services, government",Large
DHHS2025-00824,STH,Median Urban,Rural,5,1,4,0,42158,35802,True,False,False,True,False,True,False,False,Traditional hut,1.16,STH,Southern Province,Median City,3800000,"Industrial, urban",Medium
DHHS2025-00825,NTH,Correlation Hills,Urban,11,3,8,0,34392,27597,False,False,False,True,False,True,False,False,Informal,1.34,NTH,Northern Province,Polaris,2100000,"Rural, agricultural, mining",Large
DHHS2025-00826,STH,Median Urban,Urban,3,2,1,0,75700,65504,True,True,True,True,True,True,False,False,Semi-detached,0.75,STH,Southern Province,Median City,3800000,"Industrial, urban",Medium
DHHS2025-00827,STH,Frequency Plains,Rural,8,0,8,0,12193,10153,True,False,True,True,False,True,False,False,Detached house,1.19,STH,Southern Province,Median City,3800000,"Industrial, urban",Large
DHHS2025-00828,CTR,Numerica Urban,Urban,7,1,6,0,30298,28529,True,True,False,True,False,True,True,False,Informal,0.59,CTR,Central Province,Numerica,5200000,"Capital region, services, government",Large
DHHS2025-00829,NTH,Polaris District,Rural,5,4,1,0,18815,16221,True,True,True,False,False,False,False,False,Semi-detached,2.24,NTH,Northern Province,Polaris,2100000,"Rural, agricultural, mining",Medium
DHHS2025-00830,NTH,Sigma District,Urban,8,1,7,0,27245,24785,True,True,False,True,True,True,False,False,Informal,1.51,NTH,Northern Province,Polaris,2100000,"Rural, agricultural, mining",Large
DHHS2025-00831,LKS,Interval District,Rural,2,1,1,0,31401,30251,False,True,False,True,True,True,True,False,Traditional hut,1.4,LKS,Lakeside Province,Port Sample,3000000,"Agriculture, lake fishing",Small
DHHS2025-00832,STH,Mode District,Urban,6,1,5,0,48142,40887,True,False,True,False,False,True,False,False,Single room,0.76,STH,Southern Province,Median City,3800000,"Industrial, urban",Large
DHHS2025-00833,CTR,Numerica Peri-Urban,Urban,5,1,4,0,70511,55585,True,True,True,True,True,True,True,False,Informal,0.54,CTR,Central Province,Numerica,5200000,"Capital region, services, government",Medium
DHHS2025-00834,EST,Skewness District,Rural,6,0,6,0,16865,13251,False,False,True,True,False,False,False,False,Traditional hut,1.9,EST,Eastern Province,Outlier Bay,2500000,"Coastal, fishing, tourism",Large
DHHS2025-00835,EST,Outlier Coastal,Rural,5,1,4,0,34922,32883,False,True,True,True,False,True,True,False,Detached house,1.76,EST,Eastern Province,Outlier Bay,2500000,"Coastal, fishing, tourism",Medium
DHHS2025-00836,STH,Mode District,Urban,5,1,4,0,66101,52067,True,True,True,True,True,True,False,False,Flat/Apartment,0.79,STH,Southern Province,Median City,3800000,"Industrial, urban",Medium
DHHS2025-00837,CTR,Numerica Urban,Urban,5,3,2,0,67746,54695,True,True,True,True,True,True,True,True,Flat/Apartment,0.62,CTR,Central Province,Numerica,5200000,"Capital region, services, government",Medium
DHHS2025-00838,STH,Median Urban,Urban,7,1,6,0,47346,34858,True,True,True,True,False,False,False,True,Informal,0.87,STH,Southern Province,Median City,3800000,"Industrial, urban",Large
DHHS2025-00839,NTH,Correlation Hills,Rural,11,0,11,0,91005,68893,True,True,True,False,True,True,False,False,Traditional hut,2.12,NTH,Northern Province,Polaris,2100000,"Rural, agricultural, mining",Large
DHHS2025-00840,EST,Kurtosis Bay,Rural,6,0,6,0,16762,11929,False,False,True,True,False,False,False,False,Single room,1.86,EST,Eastern Province,Outlier Bay,2500000,"Coastal, fishing, tourism",Large
DHHS2025-00841,CTR,Range District,Urban,9,3,6,0,44971,32986,False,True,True,False,True,False,True,False,Single room,0.63,CTR,Central Province,Numerica,5200000,"Capital region, services, government",Large
DHHS2025-00842,EST,Kurtosis Bay,Urban,6,2,4,0,12889,12366,True,True,True,False,False,True,False,False,Semi-detached,1.12,EST,Eastern Province,Outlier Bay,2500000,"Coastal, fishing, tourism",Large
DHHS2025-00843,CTR,Variance District,Urban,3,1,2,0,39344,33327,False,False,False,True,False,True,True,False,Flat/Apartment,0.6,CTR,Central Province,Numerica,5200000,"Capital region, services, government",Medium
DHHS2025-00844,NTH,Sigma District,Rural,3,2,1,0,11525,8306,False,True,False,True,True,True,False,False,Detached house,2.06,NTH,Northern Province,Polaris,2100000,"Rural, agricultural, mining",Medium
DHHS2025-00845,STH,Median Urban,Rural,3,2,1,0,50020,48098,True,True,True,False,True,True,False,False,Detached house,1.28,STH,Southern Province,Median City,3800000,"Industrial, urban",Medium
DHHS2025-00846,LKS,Parameter District,Rural,4,3,1,0,21663,15933,True,False,True,False,True,True,False,False,Traditional hut,1.5,LKS,Lakeside Province,Port Sample,3000000,"Agriculture, lake fishing",Medium
DHHS2025-00847,NTH,Sigma District,Rural,4,1,3,0,15378,12726,False,True,False,True,True,False,False,False,Semi-detached,2.29,NTH,Northern Province,Polaris,2100000,"Rural, agricultural, mining",Medium
DHHS2025-00848,EST,Outlier Coastal,Rural,5,3,2,0,12147,9873,False,False,False,True,False,True,False,False,Single room,1.86,EST,Eastern Province,Outlier Bay,2500000,"Coastal, fishing, tourism",Medium
DHHS2025-00849,STH,Distribution District,Rural,6,0,6,0,10551,8008,False,True,False,True,False,False,True,False,Traditional hut,1.12,STH,Southern Province,Median City,3800000,"Industrial, urban",Large
DHHS2025-00850,STH,Frequency Plains,Rural,7,0,7,0,14186,11555,False,True,False,True,True,True,True,False,Detached house,1.26,STH,Southern Province,Median City,3800000,"Industrial, urban",Large
DHHS2025-00851,LKS,Parameter District,Rural,4,3,1,0,115730,98699,True,True,True,True,False,True,True,False,Traditional hut,1.57,LKS,Lakeside Province,Port Sample,3000000,"Agriculture, lake fishing",Medium
DHHS2025-00852,EST,Skewness District,Urban,5,0,4,1,38427,31730,True,True,False,False,False,True,False,False,Single room,1.12,EST,Eastern Province,Outlier Bay,2500000,"Coastal, fishing, tourism",Medium
DHHS2025-00853,STH,Mode District,Rural,1,0,1,0,57555,53322,True,True,True,True,True,True,False,False,Semi-detached,1.21,STH,Southern Province,Median City,3800000,"Industrial, urban",Small
DHHS2025-00854,STH,Median Urban,Rural,4,3,1,0,16518,15159,False,True,True,True,True,False,False,False,Detached house,1.21,STH,Southern Province,Median City,3800000,"Industrial, urban",Medium
DHHS2025-00855,NTH,Sigma District,Rural,4,3,1,0,36117,29856,True,True,True,False,True,True,False,False,Traditional hut,2.08,NTH,Northern Province,Polaris,2100000,"Rural, agricultural, mining",Medium
DHHS2025-00856,CTR,Numerica Peri-Urban,Urban,5,2,3,0,110673,95691,True,True,True,True,True,True,True,False,Semi-detached,0.57,CTR,Central Province,Numerica,5200000,"Capital region, services, government",Medium
DHHS2025-00857,EST,Skewness District,Rural,6,1,5,0,20291,17043,False,True,False,True,True,True,False,False,Traditional hut,1.92,EST,Eastern Province,Outlier Bay,2500000,"Coastal, fishing, tourism",Large
DHHS2025-00858,STH,Median Urban,Urban,6,2,4,0,152378,129858,True,True,True,True,True,True,True,False,Semi-detached,0.78,STH,Southern Province,Median City,3800000,"Industrial, urban",Large
DHHS2025-00859,WST,Error Margin,Rural,3,1,2,0,15065,11595,True,False,True,False,False,False,False,False,Semi-detached,2.24,WST,Western Province,Deviation,1900000,"Semi-arid, livestock",Medium
DHHS2025-00860,WST,Standard District,Urban,9,2,7,0,15528,11886,True,True,True,True,False,True,False,False,Semi-detached,1.61,WST,Western Province,Deviation,1900000,"Semi-arid, livestock",Large
DHHS2025-00861,STH,Distribution District,Urban,6,3,3,0,121279,102384,True,True,True,True,True,True,False,False,Detached house,0.89,STH,Southern Province,Median City,3800000,"Industrial, urban",Large
DHHS2025-00862,LKS,Parameter District,Urban,2,1,1,0,24312,23966,True,True,True,True,False,True,False,False,Semi-detached,1.11,LKS,Lakeside Province,Port Sample,3000000,"Agriculture, lake fishing",Small
DHHS2025-00863,LKS,Estimate District,Rural,5,0,5,0,35377,33463,True,True,True,True,False,False,False,False,Traditional hut,1.46,LKS,Lakeside Province,Port Sample,3000000,"Agriculture, lake fishing",Medium
DHHS2025-00864,CTR,Variance District,Urban,5,0,5,0,83760,77975,True,True,True,True,True,True,False,False,Semi-detached,0.58,CTR,Central Province,Numerica,5200000,"Capital region, services, government",Medium
DHHS2025-00865,LKS,Port Sample District,Urban,3,2,1,0,21769,19580,True,False,False,True,False,True,False,False,Flat/Apartment,1.09,LKS,Lakeside Province,Port Sample,3000000,"Agriculture, lake fishing",Medium
DHHS2025-00866,CTR,Range District,Rural,4,0,4,0,46191,39093,True,True,True,False,True,False,False,True,Traditional hut,0.97,CTR,Central Province,Numerica,5200000,"Capital region, services, government",Medium
DHHS2025-00867,STH,Frequency Plains,Rural,4,1,3,0,89533,75108,True,True,True,True,True,True,True,False,Semi-detached,1.29,STH,Southern Province,Median City,3800000,"Industrial, urban",Medium
DHHS2025-00868,STH,Median Urban,Rural,4,1,3,0,24365,21978,True,False,False,False,False,True,False,False,Detached house,1.26,STH,Southern Province,Median City,3800000,"Industrial, urban",Medium
DHHS2025-00869,CTR,Numerica Urban,Urban,9,2,7,0,32151,27865,False,False,True,True,False,True,False,False,Flat/Apartment,0.59,CTR,Central Province,Numerica,5200000,"Capital region, services, government",Large
DHHS2025-00870,WST,Error Margin,Rural,3,2,1,0,18983,17214,False,False,False,True,False,False,True,False,Single room,2.65,WST,Western Province,Deviation,1900000,"Semi-arid, livestock",Medium
DHHS2025-00871,WST,Confidence District,Urban,2,1,1,0,17436,12292,True,True,True,True,False,True,True,False,Flat/Apartment,1.6,WST,Western Province,Deviation,1900000,"Semi-arid, livestock",Small
DHHS2025-00872,EST,Outlier Coastal,Rural,9,4,4,1,64392,59474,True,False,False,True,False,True,False,False,Detached house,1.95,EST,Eastern Province,Outlier Bay,2500000,"Coastal, fishing, tourism",Large
DHHS2025-00873,NTH,Correlation Hills,Rural,6,2,4,0,8836,7313,True,True,False,True,False,True,False,False,Traditional hut,2.14,NTH,Northern Province,Polaris,2100000,"Rural, agricultural, mining",Large
DHHS2025-00874,LKS,Parameter District,Rural,3,2,1,0,36516,31642,True,True,True,True,False,False,False,False,Traditional hut,1.53,LKS,Lakeside Province,Port Sample,3000000,"Agriculture, lake fishing",Medium
DHHS2025-00875,EST,Kurtosis Bay,Urban,9,0,9,0,78793,62331,True,True,True,False,False,True,False,False,Single room,1.32,EST,Eastern Province,Outlier Bay,2500000,"Coastal, fishing, tourism",Large
DHHS2025-00876,LKS,Interval District,Rural,5,0,5,0,7430,6638,False,True,True,False,False,False,True,False,Traditional hut,1.5,LKS,Lakeside Province,Port Sample,3000000,"Agriculture, lake fishing",Medium
DHHS2025-00877,NTH,Correlation Hills,Rural,11,1,10,0,39585,30206,True,True,False,True,False,True,True,False,Detached house,2.26,NTH,Northern Province,Polaris,2100000,"Rural, agricultural, mining",Large
DHHS2025-00878,LKS,Interval District,Rural,6,2,4,0,24621,22438,False,False,False,False,True,True,True,False,Detached house,1.61,LKS,Lakeside Province,Port Sample,3000000,"Agriculture, lake fishing",Large
DHHS2025-00879,CTR,Range District,Urban,4,0,4,0,111083,100345,True,True,True,False,True,True,True,False,Detached house,0.56,CTR,Central Province,Numerica,5200000,"Capital region, services, government",Medium
DHHS2025-00880,CTR,Numerica Urban,Rural,7,1,6,0,90455,86487,True,True,True,True,True,True,False,False,Traditional hut,0.88,CTR,Central Province,Numerica,5200000,"Capital region, services, government",Large
DHHS2025-00881,CTR,Numerica Urban,Urban,8,3,5,0,44163,30959,True,True,True,True,True,True,True,False,Informal,0.58,CTR,Central Province,Numerica,5200000,"Capital region, services, government",Large
DHHS2025-00882,LKS,Port Sample District,Rural,7,3,3,1,50208,43264,True,False,True,True,True,True,True,False,Semi-detached,1.4,LKS,Lakeside Province,Port Sample,3000000,"Agriculture, lake fishing",Large
DHHS2025-00883,CTR,Range District,Rural,5,1,4,0,30348,24528,True,False,True,True,False,True,False,False,Semi-detached,0.95,CTR,Central Province,Numerica,5200000,"Capital region, services, government",Medium
DHHS2025-00884,EST,Outlier Coastal,Rural,8,0,7,1,13201,12672,True,True,False,True,False,False,False,False,Traditional hut,1.91,EST,Eastern Province,Outlier Bay,2500000,"Coastal, fishing, tourism",Large
DHHS2025-00885,NTH,Regression Valley,Rural,3,2,1,0,33816,31595,True,True,True,True,True,True,True,False,Traditional hut,2.22,NTH,Northern Province,Polaris,2100000,"Rural, agricultural, mining",Medium
DHHS2025-00886,CTR,Numerica Urban,Rural,4,3,1,0,32971,25328,True,True,True,False,True,True,True,False,Detached house,0.9,CTR,Central Province,Numerica,5200000,"Capital region, services, government",Medium
DHHS2025-00887,WST,Deviation District,Rural,4,0,4,0,35565,27416,False,True,False,False,True,True,False,False,Traditional hut,2.24,WST,Western Province,Deviation,1900000,"Semi-arid, livestock",Medium
DHHS2025-00888,CTR,Numerica Urban,Urban,5,3,2,0,51514,38401,False,True,True,True,False,True,False,False,Detached house,0.62,CTR,Central Province,Numerica,5200000,"Capital region, services, government",Medium
DHHS2025-00889,STH,Mode District,Urban,4,0,4,0,59596,47900,True,False,False,True,False,True,True,False,Detached house,0.87,STH,Southern Province,Median City,3800000,"Industrial, urban",Medium
DHHS2025-00890,CTR,Range District,Rural,3,2,1,0,19006,15879,False,False,True,True,False,False,False,False,Traditional hut,0.96,CTR,Central Province,Numerica,5200000,"Capital region, services, government",Medium
DHHS2025-00891,NTH,Polaris District,Rural,4,3,1,0,61771,49860,True,True,True,True,True,False,False,False,Semi-detached,2.0,NTH,Northern Province,Polaris,2100000,"Rural, agricultural, mining",Medium
DHHS2025-00892,EST,Skewness District,Rural,7,3,4,0,39133,36821,True,False,True,True,False,True,False,False,Semi-detached,1.95,EST,Eastern Province,Outlier Bay,2500000,"Coastal, fishing, tourism",Large
DHHS2025-00893,CTR,Numerica Peri-Urban,Rural,8,3,5,0,24484,20649,False,True,False,True,False,True,False,False,Semi-detached,0.9,CTR,Central Province,Numerica,5200000,"Capital region, services, government",Large
DHHS2025-00894,STH,Distribution District,Urban,6,0,6,0,102999,93133,True,True,True,True,True,True,True,False,Semi-detached,0.76,STH,Southern Province,Median City,3800000,"Industrial, urban",Large
DHHS2025-00895,CTR,Numerica Urban,Urban,8,4,4,0,44328,45200,False,True,True,True,True,False,False,False,Informal,0.55,CTR,Central Province,Numerica,5200000,"Capital region, services, government",Large
DHHS2025-00896,LKS,Parameter District,Rural,10,1,9,0,29807,22446,True,False,True,False,False,False,False,False,Traditional hut,1.68,LKS,Lakeside Province,Port Sample,3000000,"Agriculture, lake fishing",Large
DHHS2025-00897,EST,Outlier Coastal,Rural,2,1,1,0,14969,13897,False,False,False,True,False,True,False,False,Single room,1.84,EST,Eastern Province,Outlier Bay,2500000,"Coastal, fishing, tourism",Small
DHHS2025-00898,CTR,Variance District,Urban,5,2,1,2,58437,47702,True,True,True,True,False,False,False,False,Single room,0.54,CTR,Central Province,Numerica,5200000,"Capital region, services, government",Medium
DHHS2025-00899,NTH,Sigma District,Rural,8,1,7,0,17921,14114,True,False,False,False,False,True,True,False,Detached house,1.98,NTH,Northern Province,Polaris,2100000,"Rural, agricultural, mining",Large
DHHS2025-00900,LKS,Estimate District,Urban,7,5,2,0,32993,23469,True,True,True,True,True,False,True,True,Semi-detached,1.1,LKS,Lakeside Province,Port Sample,3000000,"Agriculture, lake fishing",Large
DHHS2025-00901,STH,Distribution District,Rural,8,0,8,0,26299,22246,True,True,False,True,False,True,False,False,Single room,1.3,STH,Southern Province,Median City,3800000,"Industrial, urban",Large
DHHS2025-00902,EST,Percentile District,Urban,7,4,3,0,26725,22712,False,True,True,True,False,True,False,False,Single room,1.28,EST,Eastern Province,Outlier Bay,2500000,"Coastal, fishing, tourism",Large
DHHS2025-00903,STH,Distribution District,Urban,7,3,4,0,98843,79860,True,True,True,False,True,True,True,False,Semi-detached,0.88,STH,Southern Province,Median City,3800000,"Industrial, urban",Large
DHHS2025-00904,STH,Median Urban,Urban,4,3,1,0,57939,51879,True,True,True,True,False,True,False,False,Semi-detached,0.75,STH,Southern Province,Median City,3800000,"Industrial, urban",Medium
DHHS2025-00905,NTH,Polaris District,Rural,5,4,1,0,20474,15643,False,True,True,True,True,True,False,True,Detached house,2.16,NTH,Northern Province,Polaris,2100000,"Rural, agricultural, mining",Medium
DHHS2025-00906,NTH,Polaris District,Rural,5,2,3,0,38641,35454,True,True,True,True,True,True,True,False,Traditional hut,2.17,NTH,Northern Province,Polaris,2100000,"Rural, agricultural, mining",Medium
DHHS2025-00907,CTR,Numerica Peri-Urban,Rural,7,3,4,0,29621,22968,False,True,False,True,False,True,False,False,Traditional hut,0.93,CTR,Central Province,Numerica,5200000,"Capital region, services, government",Large
DHHS2025-00908,NTH,Polaris District,Rural,5,2,3,0,44005,39367,True,False,False,True,True,True,False,False,Semi-detached,2.22,NTH,Northern Province,Polaris,2100000,"Rural, agricultural, mining",Medium
DHHS2025-00909,CTR,Variance District,Urban,4,2,2,0,105584,99646,True,True,True,False,True,True,True,False,Semi-detached,0.59,CTR,Central Province,Numerica,5200000,"Capital region, services, government",Medium
DHHS2025-00910,STH,Frequency Plains,Urban,4,0,4,0,44557,37066,True,True,False,False,True,False,False,False,Single room,0.84,STH,Southern Province,Median City,3800000,"Industrial, urban",Medium
DHHS2025-00911,LKS,Port Sample District,Rural,5,0,4,1,46962,38277,False,False,False,False,True,True,False,False,Semi-detached,1.57,LKS,Lakeside Province,Port Sample,3000000,"Agriculture, lake fishing",Medium
DHHS2025-00912,CTR,Numerica Peri-Urban,Urban,4,2,2,0,20559,15134,False,True,False,False,False,True,True,False,Semi-detached,0.65,CTR,Central Province,Numerica,5200000,"Capital region, services, government",Medium
DHHS2025-00913,WST,Deviation District,Rural,4,2,2,0,12423,10407,True,True,True,True,True,True,False,False,Detached house,2.6,WST,Western Province,Deviation,1900000,"Semi-arid, livestock",Medium
DHHS2025-00914,CTR,Numerica Urban,Urban,5,2,3,0,94344,74455,True,True,True,True,True,True,True,False,Detached house,0.6,CTR,Central Province,Numerica,5200000,"Capital region, services, government",Medium
DHHS2025-00915,WST,Standard District,Rural,7,2,5,0,18829,14540,True,False,True,True,False,True,False,False,Detached house,2.19,WST,Western Province,Deviation,1900000,"Semi-arid, livestock",Large
DHHS2025-00916,EST,Outlier Coastal,Urban,5,3,2,0,37735,33949,True,True,False,True,False,True,False,False,Semi-detached,1.18,EST,Eastern Province,Outlier Bay,2500000,"Coastal, fishing, tourism",Medium
DHHS2025-00917,WST,Standard District,Urban,5,4,1,0,36118,28417,True,True,True,False,True,True,True,False,Informal,1.68,WST,Western Province,Deviation,1900000,"Semi-arid, livestock",Medium
DHHS2025-00918,LKS,Interval District,Rural,3,1,2,0,41956,35686,True,False,True,False,True,True,True,False,Detached house,1.43,LKS,Lakeside Province,Port Sample,3000000,"Agriculture, lake fishing",Medium
DHHS2025-00919,WST,Error Margin,Rural,1,0,1,0,31917,29210,False,True,False,True,False,True,False,False,Detached house,2.59,WST,Western Province,Deviation,1900000,"Semi-arid, livestock",Small
DHHS2025-00920,CTR,Variance District,Urban,5,1,3,1,71158,68723,True,True,True,True,True,True,True,False,Flat/Apartment,0.62,CTR,Central Province,Numerica,5200000,"Capital region, services, government",Medium
DHHS2025-00921,EST,Percentile District,Rural,8,2,6,0,61307,51690,False,False,True,True,False,True,True,False,Single room,1.9,EST,Eastern Province,Outlier Bay,2500000,"Coastal, fishing, tourism",Large
DHHS2025-00922,WST,Error Margin,Rural,8,0,8,0,29463,22976,True,True,False,True,False,True,False,False,Traditional hut,2.31,WST,Western Province,Deviation,1900000,"Semi-arid, livestock",Large
DHHS2025-00923,STH,Median Urban,Urban,3,2,1,0,39755,29668,False,True,False,False,False,True,False,False,Single room,0.77,STH,Southern Province,Median City,3800000,"Industrial, urban",Medium
DHHS2025-00924,LKS,Port Sample District,Rural,4,3,1,0,11713,9943,False,True,False,False,False,True,False,False,Detached house,1.48,LKS,Lakeside Province,Port Sample,3000000,"Agriculture, lake fishing",Medium
DHHS2025-00925,LKS,Port Sample District,Rural,5,3,2,0,27866,21081,False,False,False,True,False,False,False,False,Semi-detached,1.62,LKS,Lakeside Province,Port Sample,3000000,"Agriculture, lake fishing",Medium
DHHS2025-00926,STH,Median Urban,Rural,5,2,3,0,84769,66013,True,True,True,True,True,True,False,False,Detached house,1.16,STH,Southern Province,Median City,3800000,"Industrial, urban",Medium
DHHS2025-00927,LKS,Parameter District,Rural,4,2,2,0,32246,26228,True,True,False,True,True,True,False,True,Detached house,1.39,LKS,Lakeside Province,Port Sample,3000000,"Agriculture, lake fishing",Medium
DHHS2025-00928,LKS,Port Sample District,Rural,6,0,6,0,32251,28510,True,True,True,True,True,False,False,False,Semi-detached,1.51,LKS,Lakeside Province,Port Sample,3000000,"Agriculture, lake fishing",Large
DHHS2025-00929,CTR,Numerica Peri-Urban,Rural,5,4,1,0,40098,35073,False,False,False,False,True,True,False,False,Detached house,0.88,CTR,Central Province,Numerica,5200000,"Capital region, services, government",Medium
DHHS2025-00930,CTR,Range District,Rural,4,2,2,0,30569,25547,True,False,True,True,False,False,False,False,Traditional hut,0.92,CTR,Central Province,Numerica,5200000,"Capital region, services, government",Medium
DHHS2025-00931,CTR,Variance District,Urban,5,4,1,0,54169,51837,False,False,True,True,True,True,False,False,Detached house,0.57,CTR,Central Province,Numerica,5200000,"Capital region, services, government",Medium
DHHS2025-00932,EST,Kurtosis Bay,Rural,8,3,5,0,14488,11477,False,False,False,True,False,True,False,False,Detached house,1.8,EST,Eastern Province,Outlier Bay,2500000,"Coastal, fishing, tourism",Large
DHHS2025-00933,LKS,Estimate District,Rural,5,2,3,0,34485,28635,False,True,False,True,True,True,True,False,Detached house,1.64,LKS,Lakeside Province,Port Sample,3000000,"Agriculture, lake fishing",Medium
DHHS2025-00934,NTH,Regression Valley,Rural,8,0,8,0,26191,22865,False,True,False,True,True,True,False,False,Semi-detached,2.31,NTH,Northern Province,Polaris,2100000,"Rural, agricultural, mining",Large
DHHS2025-00935,STH,Distribution District,Urban,4,0,4,0,43299,37796,False,True,False,True,True,True,False,False,Single room,0.73,STH,Southern Province,Median City,3800000,"Industrial, urban",Medium
DHHS2025-00936,LKS,Interval District,Rural,5,3,2,0,49751,48816,True,True,True,False,True,True,False,False,Traditional hut,1.39,LKS,Lakeside Province,Port Sample,3000000,"Agriculture, lake fishing",Medium
DHHS2025-00937,EST,Kurtosis Bay,Urban,5,2,3,0,61019,46597,True,True,True,True,False,True,True,False,Semi-detached,1.12,EST,Eastern Province,Outlier Bay,2500000,"Coastal, fishing, tourism",Medium
DHHS2025-00938,CTR,Range District,Rural,6,0,6,0,83225,79096,True,True,True,False,True,True,True,False,Detached house,0.88,CTR,Central Province,Numerica,5200000,"Capital region, services, government",Large
DHHS2025-00939,LKS,Port Sample District,Rural,4,1,3,0,10116,8470,False,True,False,True,False,False,False,False,Traditional hut,1.52,LKS,Lakeside Province,Port Sample,3000000,"Agriculture, lake fishing",Medium
DHHS2025-00940,NTH,Correlation Hills,Rural,5,3,2,0,25483,22458,False,True,False,False,False,True,False,True,Detached house,2.29,NTH,Northern Province,Polaris,2100000,"Rural, agricultural, mining",Medium
DHHS2025-00941,WST,Confidence District,Rural,3,2,1,0,21336,17569,False,False,False,True,False,True,False,False,Detached house,2.29,WST,Western Province,Deviation,1900000,"Semi-arid, livestock",Medium
DHHS2025-00942,STH,Median Urban,Urban,5,3,2,0,54917,49407,True,False,False,False,False,True,True,True,Semi-detached,0.84,STH,Southern Province,Median City,3800000,"Industrial, urban",Medium
DHHS2025-00943,CTR,Numerica Urban,Urban,8,2,6,0,97944,76429,True,True,True,False,True,True,True,False,Flat/Apartment,0.57,CTR,Central Province,Numerica,5200000,"Capital region, services, government",Large
DHHS2025-00944,STH,Mode District,Rural,8,1,7,0,48840,34867,True,True,False,True,False,False,False,False,Traditional hut,1.25,STH,Southern Province,Median City,3800000,"Industrial, urban",Large
DHHS2025-00945,STH,Distribution District,Urban,4,2,2,0,41741,37575,True,True,True,True,False,True,False,False,Single room,0.83,STH,Southern Province,Median City,3800000,"Industrial, urban",Medium
DHHS2025-00946,EST,Kurtosis Bay,Urban,3,2,1,0,45353,39510,True,False,True,True,True,False,False,False,Semi-detached,1.14,EST,Eastern Province,Outlier Bay,2500000,"Coastal, fishing, tourism",Medium
DHHS2025-00947,NTH,Correlation Hills,Urban,4,2,2,0,26452,25809,True,True,False,True,True,True,False,False,Single room,1.53,NTH,Northern Province,Polaris,2100000,"Rural, agricultural, mining",Medium
DHHS2025-00948,EST,Outlier Coastal,Rural,2,1,1,0,13017,10492,False,False,True,True,False,True,False,False,Detached house,1.73,EST,Eastern Province,Outlier Bay,2500000,"Coastal, fishing, tourism",Small
DHHS2025-00949,STH,Frequency Plains,Urban,9,3,6,0,21217,15172,False,False,True,True,False,True,False,False,Single room,0.75,STH,Southern Province,Median City,3800000,"Industrial, urban",Large
DHHS2025-00950,STH,Frequency Plains,Rural,8,6,2,0,36898,35948,False,False,True,True,False,True,True,False,Traditional hut,1.27,STH,Southern Province,Median City,3800000,"Industrial, urban",Large
DHHS2025-00951,WST,Error Margin,Urban,5,4,1,0,21176,16535,False,True,True,False,False,False,False,False,Detached house,1.64,WST,Western Province,Deviation,1900000,"Semi-arid, livestock",Medium
DHHS2025-00952,LKS,Estimate District,Rural,4,1,3,0,41493,34810,True,True,True,False,True,True,False,False,Detached house,1.4,LKS,Lakeside Province,Port Sample,3000000,"Agriculture, lake fishing",Medium
DHHS2025-00953,EST,Percentile District,Rural,1,0,1,0,26820,21129,True,True,True,False,False,False,False,False,Detached house,1.78,EST,Eastern Province,Outlier Bay,2500000,"Coastal, fishing, tourism",Small
DHHS2025-00954,CTR,Numerica Peri-Urban,Urban,6,4,1,1,38727,35604,True,False,True,True,False,True,True,False,Semi-detached,0.58,CTR,Central Province,Numerica,5200000,"Capital region, services, government",Large
DHHS2025-00955,STH,Distribution District,Urban,3,2,1,0,30611,25029,True,True,False,False,False,False,False,False,Single room,0.89,STH,Southern Province,Median City,3800000,"Industrial, urban",Medium
DHHS2025-00956,NTH,Polaris District,Rural,3,2,1,0,37747,29878,False,False,True,True,True,True,False,False,Traditional hut,2.01,NTH,Northern Province,Polaris,2100000,"Rural, agricultural, mining",Medium
DHHS2025-00957,CTR,Variance District,Urban,7,2,5,0,113292,94300,True,True,True,True,True,True,False,False,Semi-detached,0.62,CTR,Central Province,Numerica,5200000,"Capital region, services, government",Large
DHHS2025-00958,EST,Skewness District,Rural,4,0,4,0,15952,13420,True,True,False,True,False,True,False,False,Semi-detached,1.78,EST,Eastern Province,Outlier Bay,2500000,"Coastal, fishing, tourism",Medium
DHHS2025-00959,STH,Distribution District,Rural,6,0,6,0,30632,24591,True,False,False,True,False,False,False,False,Detached house,1.29,STH,Southern Province,Median City,3800000,"Industrial, urban",Large
DHHS2025-00960,STH,Distribution District,Urban,8,3,5,0,27377,24459,True,True,False,True,False,True,False,False,Single room,0.74,STH,Southern Province,Median City,3800000,"Industrial, urban",Large
DHHS2025-00961,CTR,Variance District,Urban,5,1,4,0,66680,62203,True,True,True,True,True,True,False,False,Detached house,0.58,CTR,Central Province,Numerica,5200000,"Capital region, services, government",Medium
DHHS2025-00962,NTH,Polaris District,Rural,8,3,5,0,56434,41666,True,False,True,True,True,True,False,False,Detached house,2.4,NTH,Northern Province,Polaris,2100000,"Rural, agricultural, mining",Large
DHHS2025-00963,STH,Distribution District,Rural,3,1,2,0,73103,59992,False,True,True,False,False,True,False,True,Detached house,1.1,STH,Southern Province,Median City,3800000,"Industrial, urban",Medium
DHHS2025-00964,STH,Frequency Plains,Urban,4,2,2,0,147103,112417,True,True,True,True,True,True,True,False,Semi-detached,0.75,STH,Southern Province,Median City,3800000,"Industrial, urban",Medium
DHHS2025-00965,WST,Deviation District,Rural,4,2,2,0,18079,12966,False,True,False,True,True,True,False,False,Detached house,2.68,WST,Western Province,Deviation,1900000,"Semi-arid, livestock",Medium
DHHS2025-00966,EST,Outlier Coastal,Rural,6,0,6,0,20029,20619,False,True,False,True,True,True,True,False,Detached house,1.95,EST,Eastern Province,Outlier Bay,2500000,"Coastal, fishing, tourism",Large
DHHS2025-00967,EST,Percentile District,Urban,6,3,3,0,33996,33370,True,False,True,True,False,True,False,False,Single room,1.28,EST,Eastern Province,Outlier Bay,2500000,"Coastal, fishing, tourism",Large
DHHS2025-00968,LKS,Interval District,Rural,4,2,2,0,25325,19443,False,False,False,True,False,True,False,False,Traditional hut,1.43,LKS,Lakeside Province,Port Sample,3000000,"Agriculture, lake fishing",Medium
DHHS2025-00969,NTH,Polaris District,Rural,6,1,5,0,17778,13343,False,True,False,True,False,True,False,True,Single room,2.16,NTH,Northern Province,Polaris,2100000,"Rural, agricultural, mining",Large
DHHS2025-00970,STH,Median Urban,Urban,7,1,6,0,78183,73448,True,True,True,True,True,True,True,False,Semi-detached,0.86,STH,Southern Province,Median City,3800000,"Industrial, urban",Large
DHHS2025-00971,EST,Kurtosis Bay,Rural,2,1,1,0,37207,29927,False,True,False,True,False,True,False,False,Detached house,1.79,EST,Eastern Province,Outlier Bay,2500000,"Coastal, fishing, tourism",Small
DHHS2025-00972,STH,Median Urban,Urban,4,0,4,0,43635,33442,True,False,False,True,True,True,False,False,Detached house,0.83,STH,Southern Province,Median City,3800000,"Industrial, urban",Medium
DHHS2025-00973,WST,Error Margin,Urban,5,2,3,0,12976,12913,True,True,True,False,False,False,False,False,Single room,1.71,WST,Western Province,Deviation,1900000,"Semi-arid, livestock",Medium
DHHS2025-00974,CTR,Variance District,Urban,4,3,1,0,158125,123933,True,True,True,True,True,True,True,True,Single room,0.6,CTR,Central Province,Numerica,5200000,"Capital region, services, government",Medium
DHHS2025-00975,CTR,Variance District,Urban,8,1,7,0,94863,77456,True,True,True,False,True,True,True,False,Detached house,0.59,CTR,Central Province,Numerica,5200000,"Capital region, services, government",Large
DHHS2025-00976,CTR,Variance District,Urban,2,1,1,0,131942,114954,True,True,True,True,True,True,True,False,Single room,0.64,CTR,Central Province,Numerica,5200000,"Capital region, services, government",Small
DHHS2025-00977,CTR,Variance District,Rural,4,1,2,1,42468,35516,True,True,True,False,False,True,False,False,Detached house,0.95,CTR,Central Province,Numerica,5200000,"Capital region, services, government",Medium
DHHS2025-00978,CTR,Variance District,Rural,3,1,2,0,12054,9800,True,False,False,True,False,True,False,False,Detached house,0.83,CTR,Central Province,Numerica,5200000,"Capital region, services, government",Medium
DHHS2025-00979,LKS,Parameter District,Rural,6,0,6,0,28524,26110,False,False,True,True,False,True,False,False,Detached house,1.54,LKS,Lakeside Province,Port Sample,3000000,"Agriculture, lake fishing",Large
DHHS2025-00980,LKS,Port Sample District,Rural,7,0,5,2,37479,31613,True,True,False,True,False,True,False,False,Detached house,1.41,LKS,Lakeside Province,Port Sample,3000000,"Agriculture, lake fishing",Large
DHHS2025-00981,WST,Deviation District,Rural,6,3,3,0,13131,11654,True,True,False,True,False,True,False,False,Detached house,2.49,WST,Western Province,Deviation,1900000,"Semi-arid, livestock",Large
DHHS2025-00982,CTR,Numerica Urban,Urban,10,2,8,0,65990,54285,True,True,True,True,False,True,False,False,Semi-detached,0.56,CTR,Central Province,Numerica,5200000,"Capital region, services, government",Large
DHHS2025-00983,STH,Median Urban,Rural,3,2,1,0,24253,20630,False,False,False,True,True,True,True,True,Detached house,1.33,STH,Southern Province,Median City,3800000,"Industrial, urban",Medium
DHHS2025-00984,CTR,Variance District,Urban,5,2,3,0,49244,37721,False,True,False,True,True,True,True,False,Flat/Apartment,0.64,CTR,Central Province,Numerica,5200000,"Capital region, services, government",Medium
DHHS2025-00985,EST,Skewness District,Rural,8,1,7,0,75633,69514,True,True,True,True,False,True,False,False,Traditional hut,1.83,EST,Eastern Province,Outlier Bay,2500000,"Coastal, fishing, tourism",Large
DHHS2025-00986,NTH,Polaris District,Rural,6,1,5,0,21643,18292,True,True,True,True,False,True,False,False,Traditional hut,2.16,NTH,Northern Province,Polaris,2100000,"Rural, agricultural, mining",Large
DHHS2025-00987,CTR,Variance District,Urban,5,4,1,0,66978,55911,True,True,True,True,True,True,True,False,Semi-detached,0.57,CTR,Central Province,Numerica,5200000,"Capital region, services, government",Medium
DHHS2025-00988,EST,Kurtosis Bay,Urban,6,1,5,0,28430,28069,False,False,False,True,False,False,False,False,Informal,1.16,EST,Eastern Province,Outlier Bay,2500000,"Coastal, fishing, tourism",Large
DHHS2025-00989,EST,Kurtosis Bay,Rural,4,2,2,0,7464,7172,True,False,False,True,True,True,False,False,Traditional hut,1.99,EST,Eastern Province,Outlier Bay,2500000,"Coastal, fishing, tourism",Medium
DHHS2025-00990,WST,Standard District,Urban,5,2,1,2,48117,45162,True,False,True,False,True,False,False,False,Semi-detached,1.46,WST,Western Province,Deviation,1900000,"Semi-arid, livestock",Medium
DHHS2025-00991,LKS,Interval District,Rural,6,1,5,0,74481,62687,True,True,True,False,True,True,False,False,Detached house,1.43,LKS,Lakeside Province,Port Sample,3000000,"Agriculture, lake fishing",Large
DHHS2025-00992,EST,Outlier Coastal,Rural,3,2,1,0,27065,22033,True,True,True,False,False,True,True,False,Detached house,1.95,EST,Eastern Province,Outlier Bay,2500000,"Coastal, fishing, tourism",Medium
DHHS2025-00993,EST,Skewness District,Urban,4,2,2,0,40289,27627,True,True,False,True,True,True,False,True,Detached house,1.16,EST,Eastern Province,Outlier Bay,2500000,"Coastal, fishing, tourism",Medium
DHHS2025-00994,EST,Kurtosis Bay,Urban,2,1,1,0,39577,34138,True,True,False,True,False,True,True,True,Semi-detached,1.24,EST,Eastern Province,Outlier Bay,2500000,"Coastal, fishing, tourism",Small
DHHS2025-00995,NTH,Correlation Hills,Rural,1,0,1,0,50008,47439,False,False,False,True,False,True,False,False,Traditional hut,2.37,NTH,Northern Province,Polaris,2100000,"Rural, agricultural, mining",Small
DHHS2025-00996,CTR,Range District,Rural,2,1,1,0,27986,24051,False,True,True,True,False,True,False,False,Traditional hut,0.83,CTR,Central Province,Numerica,5200000,"Capital region, services, government",Small
DHHS2025-00997,EST,Kurtosis Bay,Rural,5,4,1,0,19944,15856,False,True,False,True,False,False,False,False,Detached house,1.71,EST,Eastern Province,Outlier Bay,2500000,"Coastal, fishing, tourism",Medium
DHHS2025-00998,LKS,Interval District,Rural,3,0,2,1,48447,37197,False,True,False,False,True,True,False,False,Detached house,1.68,LKS,Lakeside Province,Port Sample,3000000,"Agriculture, lake fishing",Medium
DHHS2025-00999,NTH,Polaris District,Rural,2,1,1,0,31195,29189,False,False,False,True,True,True,False,False,Detached house,2.34,NTH,Northern Province,Polaris,2100000,"Rural, agricultural, mining",Small
DHHS2025-01000,CTR,Numerica Urban,Rural,4,2,2,0,75110,69977,True,False,False,True,False,False,True,False,Traditional hut,0.94,CTR,Central Province,Numerica,5200000,"Capital region, services, government",Medium
